,initial,30cyc,60cyc,90cyc,120cyc,150cyc,180cyc,210cyc,225cyc,240cyc,255cyc,270cyc,300cyc,330cyc,360cyc,390cyc,405cyc,420cyc,435cyc,450cyc,465cyc,480cyc,485cyc,510cyc,540cyc,570cyc,575cyc,600cyc,630cyc,645cyc,660cyc,675cyc,690cyc,705cyc,720cyc,735cyc,750cyc,765cyc,780cyc,795cyc,800cyc,810cyc,820cyc,825cyc,840cyc,850cyc,855cyc,870cyc,880cyc,885cyc,900cyc,910cyc,915cyc,930cyc,940cyc,945cyc,960cyc,970cyc,975cyc,990cyc,1000cyc,1005cyc,1020cyc,1030cyc,1035cyc,1050cyc,1060cyc,1065cyc,1080cyc,1090cyc,1095cyc,1110cyc,1120cyc,1125cyc,1130cyc,1140cyc,1145cyc,1150cyc,1155cyc,1160cyc,1170cyc,1175cyc,1185cyc,1190cyc,1200cyc,1205cyc,1215cyc,1230cyc,1235cyc,1245cyc,1260cyc,1265cyc,1275cyc,1290cyc,1295cyc,1305cyc,1320cyc,1325cyc,1350cyc,1355cyc,1380cyc,1410cyc,1415cyc,1440cyc,1445cyc,1470cyc,1475cyc,1500cyc,1505cyc,1530cyc,1535cyc,1560cyc,1565cyc,1590cyc,1595cyc,1620cyc,1625cyc,1650cyc,1665cyc
0.5C0.5C_3-5,100,98.82002,97.81539,96.88205,95.9466,95.05273,94.21955,93.57511,,92.69385,,91.99175,91.62011,,,89.80032,,,,,,,87.88459,,,,86.15182,,,,84.31971,,,,,,82.07154,,,,,80.75202,,,,,,79.34121,,,,,,77.75317,,,,,,76.46391,,,,,,74.82343,,,,,,74.29539,,,,73.40555,,,,,72.64162,,,,71.79876,,,70.96193,,,,,,,,,,,,,,,,,,,,,,,,,,,,,,,
0.5C0.5C_3-6,100,98.88916,97.88302,96.94784,96.01975,95.12123,94.30897,93.57252,,92.73751,,91.99358,91.62621,,,89.74711,,,,,,,87.72362,,,,86.15725,,,,84.37297,,,,,,82.29617,,,,,80.96641,,,,,,79.49319,,,,,,77.84838,,,,,,76.62179,,,,,,74.85349,,,,,,74.59579,,,,73.74627,,,,,,,,,,,,,,,,,,,,,,,,,,,,,,,,,,,,,,,,,,,
0.5C0.5C_3-7,100,98.67102,97.61357,96.66956,95.72062,94.82321,93.98046,93.23944,,92.36556,,91.69982,91.46743,,,89.63662,,,,,,,87.74425,,,,85.91354,,,,84.23778,,,,,,82.2749,,,,,80.82598,,,,,,79.38991,,,,,,77.86569,,,,,,76.60247,,,,,,74.9752,,,,,,74.75065,,,,73.61796,,,,,72.767,,,,72.17637,,,71.3162,,,,,,,,,,,,,,,,,,,,,,,,,,,,,,,
0.5C1C_3-8,100,98.32652,97.38528,96.5046,95.61396,94.82865,94.03574,93.35076,,92.66376,,92.00954,91.35447,90.75066,,,,89.48361,,,,,,87.83949,,,,86.60969,,,,,84.70375,,,,,,83.13563,,,,,,,,,81.58909,,,,,,80.11439,,,,,,79.03231,,,,,,77.71931,,,,,,76.62557,,,,,,,,,75.5337,,,,74.92549,,,74.90447,,,74.23302,,,73.76768,,,73.18579,,,,,,,,,,,,,,,,,,,,,,
0.5C1C_4-4,100,98.75284,97.72574,96.78883,95.87585,95.06994,94.25204,93.49845,,92.7801,,92.14918,91.52772,90.93679,90.75832,,,,,89.21845,,,,,87.56783,,,,86.19169,,,,,,84.40979,,,,,,,82.53352,,,,,,,,,81.19708,,,,,,79.8291,,79.12774,79.00944,,78.43784,78.11234,,77.87608,77.3707,,,,,76.58464,,,75.89535,,,,,75.21096,,,,74.33654,,,,74.73786,,,73.39368,,,72.74566,,,,,,,,,,,,,,,,,,,,,,,,,,
0.5C1C_4-5,100,98.82131,97.86689,96.97765,96.10513,95.32654,94.53408,93.74222,,93.00804,,92.30302,91.61236,90.96137,90.63227,,,,,88.85859,,,,,,,,,85.18812,,,,,,83.4444,,,,,,,,,,,,,80.16185,,,,,,78.75869,,78.42494,77.8937,,77.58311,77.3668,,,76.6523,,,75.89997,,,75.26296,,,74.60471,,,,75.17389,,,,,74.72515,,,,,,,,,,,,,,,,,,,,,,,,,,,,,,,,,,,,,,
0.5C2C_2-1,100,,,97.56682,,,95.3287,,,,,93.55693,,,92.27788,,,,,90.94569,,,,,89.79789,,,88.81863,,,88.06518,,,,87.42202,,,,,,,,85.88534,,,85.27992,,,84.78241,,,84.76679,,,84.24605,,,83.77435,,,83.63841,,,82.9915,,,82.25084,,,81.74519,,,81.367,,,,,80.7579,,,,,,,,,,,,,,,,,,,,,,,,,,,,,,,,,,,,,,,,,
0.5C2C_3-2,100,,,97.36033,,,95.3556,,,,,93.78563,,,92.31902,,,,,91.02783,,,,,89.58934,,,88.75215,,,87.89665,,,,87.08274,,,,86.14286,,,85.4301,,,,,,,,,,,,,,,,,,,,,,,,,,,,,,,,,,,,,,,,,,,,,,,,,,,,,,,,,,,,,,,,,,,,,,,,,,,,,
0.5C2C_4-1,100,,,97.23085,,,95.04559,,,,,93.25103,,,91.891,,,,,90.51718,,,,,89.01012,,,88.18591,,,87.32755,,,,86.28894,,,,85.47441,,,84.77883,,,84.34465,,,84.57651,,,84.04487,,,83.61588,,,83.02538,,,82.58584,,,82.07833,,,81.34401,,,80.77023,,,,,,,,,,,,,,,,,,,,,,,,,,,,,,,,,,,,,,,,,,,,,,,,,,
0.5C3C_1-7,100,,,97.5362,,,95.68372,,,,,93.82584,,,92.61621,,,,,90.94164,,,,,89.93519,,,,88.62042,,,,87.79209,,,,86.82397,,,,,85.93061,,,,,,85.13615,,,,,,84.29951,,,84.12734,,,83.61687,,,83.1453,,,83.00772,,,82.32328,,,81.54433,,,,80.97523,,,,,80.37186,,,,79.91844,,,79.48072,,,79.01369,,,,,,,,,,,,,,,,,,,,,,,,,,,,
0.5C3C_1-8,100,98.92618,97.87217,97.02577,,,95.4259,,,,,,,,92.29517,,,,,90.49733,,,,,,,,,,,,,,,,,,,,,,,,,,,,,,,,,,,,,,,,,,,,,,,,,,,,,,,,,,,,,,,,,,,,,,,,,,,,,,,,,,,,,,,,,,,,,,,,,,,
0.5C3C_2-2,100,98.69782,,,96.49803,,,94.50018,,,,,93.04666,,,91.2972,,,,,,,,,,88.70214,,,,,87.61045,,,,86.77867,,,,86.05942,,,,,,85.07952,,,,,,84.34619,,,,,,83.37237,,,,,,82.64807,,,,,,81.8189,,,81.32695,,,,80.70434,,,,,80.86997,,,,80.57208,,,79.92493,,,79.70613,,,79.13091,,,78.47651,,77.92836,,77.73612,77.19353,,76.36025,,,,,,,,,,,,,,,
0.5C3C_2-4,100,98.99976,97.99577,97.08117,96.44397,,,94.9008,,,,,93.56727,,,92.48563,,,,,,91.04402,,,,89.91875,,,,,88.91617,,,,,,88.08159,,,,,87.23074,,,,,,86.43401,,,,,,85.5809,,,,,,84.88692,,,,,,84.27213,,,,,,83.32846,,,,,,,,,82.61804,,,,82.06847,,,82.38553,,,81.68179,,,81.19926,,,80.69644,,80.09295,,79.47925,79.19957,,78.44339,,77.96201,,,,,,,,,,,,,
0.5C3C_2-6,100,98.76935,97.75192,96.81773,96.02841,,,94.35306,,,,,92.68567,,,90.99307,,,,,,89.71518,,,,88.42443,,,,,87.23874,,,,,,86.10868,,,,,85.31127,,,,,,84.47143,,,,,,83.73443,,,,,,82.80065,,,,,,82.10873,,,,,,81.22583,,,,,,,,,80.44406,,,,79.90495,,,79.55805,,,79.14147,,,78.68431,,,78.10393,,77.72422,,77.06296,76.59874,,76.16951,,75.57715,,,,,,,,,,,,,
0.5C3C_2-7,100,,,97.72867,,,96.15548,,,,,94.30045,,,93.29575,,,,,91.91329,,,,,90.77333,,,,89.73319,,,,88.7297,,,,87.59401,,,,,86.56671,,,,,,85.83239,,,,,,85.03328,,,,,,84.04948,,,,,,83.08433,,,82.4566,,,81.78925,,,,81.65395,,,,,81.10866,,,,80.61769,,,79.98749,,,79.32013,,,78.78176,,,78.10678,,77.33285,,,,,,,,,,,,,,,,,,,,
1C0.5C_4-6,100,98.70514,97.58256,96.53187,95.5322,94.61787,93.68854,92.83586,,92.0466,,91.27644,90.5712,89.88642,89.06115,,,,,87.53632,,,,,85.93569,,,,83.93303,,,,,,82.04258,,,,,,,79.95518,,,,,,78.48382,,,,,,77.03602,,76.67491,76.41239,,76.13039,,,75.2738,,,74.50923,,,73.69026,,,72.85517,,,73.19146,,,,,72.29684,,,,71.42265,,,,70.45206,,,69.80152,,,,,,,,,,,,,,,,,,,,,,,,,,,,,
1C0.5C_4-7,100,98.66276,97.46511,96.35804,95.31064,94.33976,93.39108,92.57591,,91.7708,,91.00534,90.29022,89.63186,89.16267,,,,,87.34592,,,,,85.95352,,,,83.6635,,,,,,81.76483,,,,,,,79.57611,,79.08264,78.96882,,78.48518,78.17633,,77.59613,77.20585,,76.84251,,,75.87664,75.52923,,,74.76333,,,73.96801,,,73.18381,,,72.4029,,,72.67901,,,,71.70994,,,,,70.93905,,,,70.04151,,,69.07908,,,68.44133,,,67.45143,,,,,,,,,,,,,,,,,,,,,,,,,
1C0.5C_4-8,100,98.72372,97.46499,96.28184,95.15848,94.11001,93.13354,92.27883,,91.42942,,90.6569,89.86495,89.21246,88.58841,,,,,86.99888,,,,,85.308,,,,82.95919,,,,,,81.69812,,,,,,,,,79.2569,78.89066,,78.59079,78.14186,,77.76945,77.31604,,76.75631,76.49265,,76.01768,75.61166,,75.25048,,,74.67041,,,73.80885,,,73.07994,,,72.27387,,,72.49603,,,,,72.01602,,,,71.29795,,,,70.5329,,,69.90491,,,68.98601,,,68.36539,,,,,,,,,,,,,,,,,,,,,,,
1C1C_1-5,100,,,96.5009,,,93.84516,,,,,91.57962,,,89.77949,,,,,88.17038,,,,,,,,,,,,,,,,,,,,,,,,,,,,,,,,,,,,,,,,,,,,,,,,,,,,,,,,,,,,,,,,,,,,,,,,,,,,,,,,,,,,,,,,,,,,,,,,,,,
1C1C_1-6,100,,,96.81794,,,94.1431,,,,,91.82441,,,89.95515,,,,,88.36185,,,,,,,,,,,,,,,,,,,,,,,,,,,,,,,,,,,,,,,,,,,,,,,,,,,,,,,,,,,,,,,,,,,,,,,,,,,,,,,,,,,,,,,,,,,,,,,,,,,
1C1C_1-8,100,,,96.8596,,,,,,,,92.50224,,,,,,,,,,,,,,,,,,,,,,,,,,,,,,,,,,,,,,,,,,,,,,,,,,,,,,,,,,,,,,,,,,,,,,,,,,,,,,,,,,,,,,,,,,,,,,,,,,,,,,,,,,,
1C1C_2-5,100,,,96.8628,,,94.4352,,,,,92.60874,,,90.7659,,,,,89.17893,,,,,87.69365,87.16562,,86.80286,86.22771,,85.25479,,84.45827,,83.80477,,83.09522,,,,,81.7254,,,,,,,,,,,,,,,,,,,,,,,,,,,,,,,,,,,,,,,,,,,,,,,,,,,,,,,,,,,,,,,,,,,,,,,,,,,,,
1C2C_2-3,100,98.8314,97.6559,96.5613,95.40216,,,92.74533,,,,,90.19156,,,87.97924,,,,,,85.93305,,,,83.75454,,,,,82.62289,,,,,,81.24876,,,,,,,,79.95282,,,,,,79.02422,,,,,,,,78.96008,78.43576,,78.15151,78.29004,,,77.34348,,,76.87291,,,76.06014,,,,75.69554,,,,,75.19987,,,,74.67395,,,75.26041,,,74.65844,,,73.99882,,,73.96616,,72.95633,,72.50453,72.04711,,71.57187,,70.53004,,,,,,,,,,,,,
1C2C_2-8,100,98.76357,97.6501,96.61429,95.72028,94.94905,94.14472,93.42165,,92.78657,,92.10344,91.47002,90.84254,90.29328,,,,,89.20864,,,,,87.63191,,,,86.29961,,,,,,84.69427,,,,,,,83.27276,,,,,,,,,,,,,,,,,,80.73252,,,,,,,,,79.83543,,,,,,,79.23404,,,78.79304,,78.22418,,78.41417,,78.14827,,77.80976,77.40647,,,76.70735,,,76.38475,,,75.86903,,75.39244,,74.84851,74.21418,,73.02413,,73.25962,,72.87757,,72.42858,,72.02394,,71.15387,,70.61532,,70.0021,69.71259
1C2C_3-1,100,98.84428,97.67305,96.53539,95.68771,94.81803,94.03374,93.31148,,92.7159,,92.05885,91.43311,90.86474,90.26455,,,,,88.90546,,,,,87.4418,,,,85.8924,,,,,,84.54054,,,,,,83.20645,,,,,,,,,,81.9044,,,,,,,,,,,,,,,79.8531,,,,,,78.81247,,,78.55672,,78.24091,,,78.34854,,78.01088,,77.76528,,77.25655,,,76.66787,,,76.08507,,,75.71593,,,74.9625,,74.7215,74.27824,,74.6133,,74.07267,,73.51561,,73.21873,,72.78459,,72.25476,,71.8876,,71.41421,,
1C4C_1-1,100,98.97126,97.90834,96.83995,95.87665,94.83441,93.85428,93.03236,,92.12858,,91.35726,90.56476,89.88692,89.47704,,,,,87.49471,,,,,85.74772,,,,84.12898,,,,,,82.86156,,82.46975,,82.70719,,,81.8018,,,81.4906,,,81.0571,,,80.52116,,,,,,79.50041,,,,,,78.64221,,78.25601,78.04231,,77.85956,77.57095,,77.25106,76.95721,,76.65299,,76.41449,,,76.10883,,75.78422,,,,74.97588,,,,,,,,,,,,,,,,,,,,,,,,,,,,,,,,,,
1C4C_1-2,100,97.47616,95.69119,94.28254,93.14462,92.0502,91.07467,90.2243,,89.30624,,88.44717,87.58146,86.88872,86.41246,,,,,84.72442,,,,,82.96042,,,,81.53922,,,,,,80.36643,,79.9255,,79.31533,,,79.0002,,,78.78596,,,78.49427,,,78.12646,,,,,,77.42434,,,,,,76.76678,,76.60924,76.41344,,76.21209,76.11496,,75.95294,75.57757,,75.39426,,75.06041,,,75.01339,,74.70329,,74.62881,,,,,,,,,,,,,,,,,,,,,,,,,,,,,,,,,,,,
1C4C_1-3,100,98.95887,97.97608,97.06157,96.29552,95.45812,94.64286,93.86115,,93.14814,,92.4258,91.72597,91.14265,90.65502,,,,,89.20852,,,,,87.58916,,,,85.99552,,,,,,84.48619,,84.01003,,84.08933,,,83.41841,,,82.99507,,,82.64346,,,82.22959,,,,,,81.43494,,,,,,80.76885,,80.39864,80.10778,,79.89969,79.48016,,79.41609,79.10404,,78.8663,,78.5873,,,78.26369,,,,77.63192,,,,,,,,,,,,,,,,,,,,,,,,,,,,,,,,,,,,
1C4C_1-4,100,98.80311,97.64083,96.60499,95.70781,94.76996,93.88292,93.03623,,92.1879,,91.26279,90.41395,89.76395,89.3168,,,,,87.72999,,,,,86.24868,,,,84.78496,,,,,,83.58147,,83.14901,,82.91701,,,82.28194,,,81.88226,,,81.2346,,,80.81786,,,,,,80.06297,,,,,,79.23762,,78.95459,78.63649,,78.31439,77.94706,,77.69793,77.49663,,77.00969,,76.64474,,,76.38381,,76.14537,,75.7749,,,,75.29314,,,,,,,,,,,,,,,,,,,,,,,,,,,,,,,,
1C4C_1-5,100,98.43244,97.07368,95.89473,94.88006,93.90694,93.01157,92.16597,,91.3197,,90.60006,89.84313,89.29124,88.81711,,,,,87.52893,,,,,86.22641,,,,84.91899,,,,,,83.75966,,83.37924,,83.24401,,,82.57954,,,82.24613,,,81.81294,,,81.40499,,,,,,80.57791,,,,,,79.79694,,79.47077,79.24351,,79.02491,78.60865,,78.40739,77.96953,,77.70829,,77.49923,,,77.20186,,76.97429,,76.64814,,,,75.9937,,,,,,,,,,,,,,,,,,,,,,,,,,,,,,,,
1C4C_1-6,100,98.34407,96.92033,95.68832,94.61954,93.59102,92.62561,91.70173,,90.81263,,89.95547,89.06182,88.42694,87.88341,,,,,86.51675,,,,,85.0182,,,,83.66283,,,,,,82.43451,,82.08284,,81.50144,,,81.1333,,,80.86538,,,80.56365,,,80.11205,,,,,,79.39529,,,,,,78.72861,,78.47943,78.14896,,78.04841,77.86489,,77.52974,77.1969,,76.90719,,76.69594,,,76.42342,,76.24615,,,,,,,,,,,,,,,,,,,,,,,,,,,,,,,,,,,,,,
2C0.5C_3-2,100,98.09358,95.1845,92.42498,89.96775,,,75.9844,72.2647,66.13528,57.59255,,,,,,,,,,,,,,,,,,,,,,,,,,,,,,,,,,,,,,,,,,,,,,,,,,,,,,,,,,,,,,,,,,,,,,,,,,,,,,,,,,,,,,,,,,,,,,,,,,,,,,,,,,,,
2C0.5C_3-3,100,98.55216,97.13033,95.81068,94.59107,,,91.63809,,,,,89.02902,,,86.58363,,,,,,84.15055,,,,81.75368,,,,,79.21371,78.70833,78.2792,77.73366,77.29951,76.6376,75.96987,75.44849,74.89453,74.28979,,73.65664,,72.9683,72.52482,,71.8984,71.23053,,70.51664,,,69.24288,68.78995,,69.21464,68.65242,,67.82177,67.30518,,66.64358,65.96755,,65.36027,64.83886,,64.28583,,,,,,,,,,,,,,,,,,,,,,,,,,,,,,,,,,,,,,,,,,,,,,,,,,,
2C0.5C_3-4,100,98.47125,97.02033,95.6981,94.44695,,,91.40111,,,,,88.70424,,,86.21055,,,,,,83.75427,,,,81.219,,,,,78.27915,77.85459,77.39215,76.83644,76.21713,75.50729,74.72737,74.22304,73.56856,72.93809,,72.18087,,71.6142,71.08013,,70.482,69.74153,,69.0447,68.40805,,67.7216,66.99047,,67.35764,66.74998,,65.93627,65.39954,,64.77001,64.00009,,63.51859,63.03717,,62.38778,,,,,,,,,,,,,,,,,,,,,,,,,,,,,,,,,,,,,,,,,,,,,,,,,,,
2C1C_2-5,100,98.45151,96.89176,95.44723,94.27406,93.10508,92.01133,91.04901,,90.04317,,89.37573,88.18831,87.29877,86.26977,,,,,84.32837,,,,,82.3651,,,,76.35826,75.2322,73.3622,70.71397,68.62518,63.49363,56.38415,,,,,,,,,,,,,,,,,,,,,,,,,,,,,,,,,,,,,,,,,,,,,,,,,,,,,,,,,,,,,,,,,,,,,,,,,,,,,,,,,,,,
2C1C_2-6,100,98.73113,96.90773,94.93206,92.85017,88.33003,82.41452,,,42.86047,,,,,,,,,,,,,,,,,,,,,,,,,,,,,,,,,,,,,,,,,,,,,,,,,,,,,,,,,,,,,,,,,,,,,,,,,,,,,,,,,,,,,,,,,,,,,,,,,,,,,,,,,,,,,
2C1C_2-7,100,98.37266,95.85503,93.50581,91.72331,90.03554,87.5136,84.86914,,83.08667,,80.49217,75.98639,61.36071,42.67643,,,,,,,,,,,,,,,,,,,,,,,,,,,,,,,,,,,,,,,,,,,,,,,,,,,,,,,,,,,,,,,,,,,,,,,,,,,,,,,,,,,,,,,,,,,,,,,,,,,,,,,,
2C2C_3-2,100,98.34508,,93.54499,89.4094,83.51932,,37.36088,,,,,,,,,,,,,,,,,,,,,,,,,,,,,,,,,,,,,,,,,,,,,,,,,,,,,,,,,,,,,,,,,,,,,,,,,,,,,,,,,,,,,,,,,,,,,,,,,,,,,,,,,,,,,,,
2C2C_3-3,100,98.17911,,92.75074,86.45773,80.36172,,34.13908,,,,,,,,,,,,,,,,,,,,,,,,,,,,,,,,,,,,,,,,,,,,,,,,,,,,,,,,,,,,,,,,,,,,,,,,,,,,,,,,,,,,,,,,,,,,,,,,,,,,,,,,,,,,,,,
2C2C_3-4,100,98.29835,,93.57179,90.07429,85.1201,,53.93282,,,,,,,,,,,,,,,,,,,,,,,,,,,,,,,,,,,,,,,,,,,,,,,,,,,,,,,,,,,,,,,,,,,,,,,,,,,,,,,,,,,,,,,,,,,,,,,,,,,,,,,,,,,,,,,
2C4C_1-7,100,97.40649,95.14892,92.89685,90.87447,89.28978,87.59459,86.01344,,,,,81.94503,79.48727,70.63979,46.79324,,,,,,,,,,,,,,,,,,,,,,,,,,,,,,,,,,,,,,,,,,,,,,,,,,,,,,,,,,,,,,,,,,,,,,,,,,,,,,,,,,,,,,,,,,,,,,,,,,,,,,,
2C4C_1-8,100,97.60364,95.40788,93.2636,90.90348,88.41912,84.85745,79.92582,,,,,52.19825,,,,,,,,,,,,,,,,,,,,,,,,,,,,,,,,,,,,,,,,,,,,,,,,,,,,,,,,,,,,,,,,,,,,,,,,,,,,,,,,,,,,,,,,,,,,,,,,,,,,,,,,,,
2C4C_2-1,100,97.98275,96.02951,94.12405,92.06189,90.29131,88.62713,87.20417,,,,,83.03359,80.8841,78.99664,76.76429,76.62218,73.72005,67.30798,59.33226,47.35733,,,,,,,,,,,,,,,,,,,,,,,,,,,,,,,,,,,,,,,,,,,,,,,,,,,,,,,,,,,,,,,,,,,,,,,,,,,,,,,,,,,,,,,,,,,,,,,,,,
2C4C_2-2,100,98.13687,96.12624,94.14383,92.02895,90.28349,87.42041,83.89837,,,,,78.32578,68.41176,43.43433,,,,,,,,,,,,,,,,,,,,,,,,,,,,,,,,,,,,,,,,,,,,,,,,,,,,,,,,,,,,,,,,,,,,,,,,,,,,,,,,,,,,,,,,,,,,,,,,,,,,,,,,
2C4C_2-3,100,97.76462,95.14284,92.60962,90.22274,87.63085,83.91486,72.99654,,44.05679,,,,,,,,,,,,,,,,,,,,,,,,,,,,,,,,,,,,,,,,,,,,,,,,,,,,,,,,,,,,,,,,,,,,,,,,,,,,,,,,,,,,,,,,,,,,,,,,,,,,,,,,,,,,,
2C4C_2-4,100,98.35602,96.42266,94.31105,91.99879,89.91335,86.07007,81.43947,,,,54.87342,,,,,,,,,,,,,,,,,,,,,,,,,,,,,,,,,,,,,,,,,,,,,,,,,,,,,,,,,,,,,,,,,,,,,,,,,,,,,,,,,,,,,,,,,,,,,,,,,,,,,,,,,,,
