,100_1.65C_dischar_pulse,100_2.0C_dischar_pulse,100_1.65C_dischar_rest,100_2.0C_dischar_rest,100_1.65C_char_pulse,100_2.0C_char_pulse,100_1.65C_char_rest,100_2.0C_char_rest,95_1.65C_dischar_pulse,95_2.0C_dischar_pulse,95_1.65C_dischar_rest,95_2.0C_dischar_rest,95_1.65C_char_pulse,95_2.0C_char_pulse,95_1.65C_char_rest,95_2.0C_char_rest,90_1.65C_dischar_pulse,90_2.0C_dischar_pulse,90_1.65C_dischar_rest,90_2.0C_dischar_rest,90_1.65C_char_pulse,90_2.0C_char_pulse,90_1.65C_char_rest,90_2.0C_char_rest,85_1.65C_dischar_pulse,85_2.0C_dischar_pulse,85_1.65C_dischar_rest,85_2.0C_dischar_rest,85_1.65C_char_pulse,85_2.0C_char_pulse,85_1.65C_char_rest,85_2.0C_char_rest,80_1.65C_dischar_pulse,80_2.0C_dischar_pulse,80_1.65C_dischar_rest,80_2.0C_dischar_rest,80_1.65C_char_pulse,80_2.0C_char_pulse,80_1.65C_char_rest,80_2.0C_char_rest,75_1.65C_dischar_pulse,75_2.0C_dischar_pulse,75_1.65C_dischar_rest,75_2.0C_dischar_rest,75_1.65C_char_pulse,75_2.0C_char_pulse,75_1.65C_char_rest,75_2.0C_char_rest,70_1.65C_dischar_pulse,70_2.0C_dischar_pulse,70_1.65C_dischar_rest,70_2.0C_dischar_rest,70_1.65C_char_pulse,70_2.0C_char_pulse,70_1.65C_char_rest,70_2.0C_char_rest,65_1.65C_dischar_pulse,65_2.0C_dischar_pulse,65_1.65C_dischar_rest,65_2.0C_dischar_rest,65_1.65C_char_pulse,65_2.0C_char_pulse,65_1.65C_char_rest,65_2.0C_char_rest,60_1.65C_dischar_pulse,60_2.0C_dischar_pulse,60_1.65C_dischar_rest,60_2.0C_dischar_rest,60_1.65C_char_pulse,60_2.0C_char_pulse,60_1.65C_char_rest,60_2.0C_char_rest,55_1.65C_dischar_pulse,55_2.0C_dischar_pulse,55_1.65C_dischar_rest,55_2.0C_dischar_rest,55_1.65C_char_pulse,55_2.0C_char_pulse,55_1.65C_char_rest,55_2.0C_char_rest,50_1.65C_dischar_pulse,50_2.0C_dischar_pulse,50_1.65C_dischar_rest,50_2.0C_dischar_rest,50_1.65C_char_pulse,50_2.0C_char_pulse,50_1.65C_char_rest,50_2.0C_char_rest,45_1.65C_dischar_pulse,45_2.0C_dischar_pulse,45_1.65C_dischar_rest,45_2.0C_dischar_rest,45_1.65C_char_pulse,45_2.0C_char_pulse,45_1.65C_char_rest,45_2.0C_char_rest,40_1.65C_dischar_pulse,40_2.0C_dischar_pulse,40_1.65C_dischar_rest,40_2.0C_dischar_rest,40_1.65C_char_pulse,40_2.0C_char_pulse,40_1.65C_char_rest,40_2.0C_char_rest,35_1.65C_dischar_pulse,35_2.0C_dischar_pulse,35_1.65C_dischar_rest,35_2.0C_dischar_rest,35_1.65C_char_pulse,35_2.0C_char_pulse,35_1.65C_char_rest,35_2.0C_char_rest,30_1.65C_dischar_pulse,30_2.0C_dischar_pulse,30_1.65C_dischar_rest,30_2.0C_dischar_rest,30_1.65C_char_pulse,30_2.0C_char_pulse,30_1.65C_char_rest,30_2.0C_char_rest,25_1.65C_dischar_pulse,25_2.0C_dischar_pulse,25_1.65C_dischar_rest,25_2.0C_dischar_rest,25_1.65C_char_pulse,25_2.0C_char_pulse,25_1.65C_char_rest,25_2.0C_char_rest,20_1.65C_dischar_pulse,20_2.0C_dischar_pulse,20_1.65C_dischar_rest,20_2.0C_dischar_rest,20_1.65C_char_pulse,20_2.0C_char_pulse,20_1.65C_char_rest,20_2.0C_char_rest,15_1.65C_dischar_pulse,15_2.0C_dischar_pulse,15_1.65C_dischar_rest,15_2.0C_dischar_rest,15_1.65C_char_pulse,15_2.0C_char_pulse,15_1.65C_char_rest,15_2.0C_char_rest,10_1.65C_dischar_pulse,10_2.0C_dischar_pulse,10_1.65C_dischar_rest,10_2.0C_dischar_rest,10_1.65C_char_pulse,10_2.0C_char_pulse,10_1.65C_char_rest,10_2.0C_char_rest,5_1.65C_char_pulse,5_2.0C_char_pulse,5_1.65C_char_rest,5_2.0C_char_rest,5_1.65C_dischar_pulse,5_2.0C_dischar_pulse,5_1.65C_dischar_rest,5_2.0C_dischar_rest,0_1.65C_char_pulse,0_2.0C_char_pulse,0_1.65C_char_rest,0_2.0C_char_rest,0_1.65C_dischar_pulse,0_2.0C_dischar_pulse,0_1.65C_dischar_rest,0_2.0C_dischar_rest,100_2.5C_dischar_pulse,100_2.5C_dischar_rest,100_2.5C_char_pulse,100_2.5C_char_rest,95_2.5C_dischar_pulse,95_2.5C_dischar_rest,95_2.5C_char_pulse,95_2.5C_char_rest,90_2.5C_dischar_pulse,90_2.5C_dischar_rest,90_2.5C_char_pulse,90_2.5C_char_rest,85_2.5C_dischar_pulse,85_2.5C_dischar_rest,85_2.5C_char_pulse,85_2.5C_char_rest,80_2.5C_dischar_pulse,80_2.5C_dischar_rest,80_2.5C_char_pulse,80_2.5C_char_rest,75_2.5C_dischar_pulse,75_2.5C_dischar_rest,75_2.5C_char_pulse,75_2.5C_char_rest,70_2.5C_dischar_pulse,70_2.5C_dischar_rest,70_2.5C_char_pulse,70_2.5C_char_rest,65_2.5C_dischar_pulse,65_2.5C_dischar_rest,65_2.5C_char_pulse,65_2.5C_char_rest,60_2.5C_dischar_pulse,60_2.5C_dischar_rest,60_2.5C_char_pulse,60_2.5C_char_rest,55_2.5C_dischar_pulse,55_2.5C_dischar_rest,55_2.5C_char_pulse,55_2.5C_char_rest,50_2.5C_dischar_pulse,50_2.5C_dischar_rest,50_2.5C_char_pulse,50_2.5C_char_rest,45_2.5C_dischar_pulse,45_2.5C_dischar_rest,45_2.5C_char_pulse,45_2.5C_char_rest,40_2.5C_dischar_pulse,40_2.5C_dischar_rest,40_2.5C_char_pulse,40_2.5C_char_rest,35_2.5C_dischar_pulse,35_2.5C_dischar_rest,35_2.5C_char_pulse,35_2.5C_char_rest,30_2.5C_dischar_pulse,30_2.5C_dischar_rest,30_2.5C_char_pulse,30_2.5C_char_rest,25_2.5C_dischar_pulse,25_2.5C_dischar_rest,25_2.5C_char_pulse,25_2.5C_char_rest,20_2.5C_dischar_pulse,20_2.5C_dischar_rest,20_2.5C_char_pulse,20_2.5C_char_rest,15_2.5C_dischar_pulse,15_2.5C_dischar_rest,15_2.5C_char_pulse,15_2.5C_char_rest,10_2.5C_dischar_pulse,10_2.5C_dischar_rest,10_2.5C_char_pulse,10_2.5C_char_rest,5_2.5C_char_pulse,5_2.5C_char_rest,5_2.5C_dischar_pulse,5_2.5C_dischar_rest,0_2.5C_char_pulse,0_2.5C_char_rest,0_2.5C_dischar_pulse,0_2.5C_dischar_rest
50E_1-1_100cyc,0.018045736,0.017959196,0.018132345,0.018020406,0.001836796,0.001836699,0.000591862,0.000755057,0.01546073,0.015438795,0.015497856,0.015510199,0.001612245,0.001571422,0.001571519,0.001571422,0.01546073,0.015438795,0.015497856,0.015510199,0.001612245,0.001571422,0.001571519,0.001571422,0.01546073,0.015438795,0.015497856,0.015510199,0.001612245,0.001571422,0.001571519,0.001571422,0.01546073,0.015438795,0.015497856,0.015510199,0.001612245,0.001571422,0.001571519,0.001571422,0.014842316,0.014795916,0.014891769,0.014938773,0.014755707,0.01480611,0.014718639,0.014785698,0.014842316,0.014795916,0.014891769,0.014938773,0.014755707,0.01480611,0.014718639,0.014785698,0.014842316,0.014795916,0.014891769,0.014938773,0.014755707,0.01480611,0.014718639,0.014785698,0.014842316,0.014795916,0.014891769,0.014938773,0.014755707,0.01480611,0.014718639,0.014785698,0.017674705,0.017316317,0.0179468,0.017673483,0.017254192,0.017306123,0.016982067,0.016969394,0.017674705,0.017316317,0.0179468,0.017673483,0.017254192,0.017306123,0.016982067,0.016969394,0.017674705,0.017316317,0.0179468,0.017673483,0.017254192,0.017306123,0.016982067,0.016969394,0.017674705,0.017316317,0.0179468,0.017673483,0.017254192,0.017306123,0.016982067,0.016969394,0.017674705,0.017316317,0.0179468,0.017673483,0.017254192,0.017306123,0.016982067,0.016969394,0.017674705,0.017316317,0.0179468,0.017673483,0.017254192,0.017306123,0.016982067,0.016969394,0.017674705,0.017316317,0.0179468,0.017673483,0.017254192,0.017306123,0.016982067,0.016969394,0.017674705,0.017316317,0.0179468,0.017673483,0.017254192,0.017306123,0.016982067,0.016969394,0.017674705,0.017316317,0.0179468,0.017673483,0.017254192,0.017306123,0.016982067,0.016969394,0.01849102,0.018204061,0.018923948,0.018897957,0.018119989,0.018102052,0.017600511,0.017571425,0.021880014,0.021489786,0.020111322,0.019704103,0.002163235,0.002204058,0.00230614,0.002408125,0.021880014,0.021489786,0.020111322,0.019704103,0.002163235,0.002204058,0.00230614,0.002408125,,,,,,,,,,,,,,,,,,,,,,,,,,,,,,,,,,,,,,,,,,,,,,,,,,,,,,,,,,,,,,,,,,,,,,,,,,,,,,,,,,,,
50E_1-1_200cyc,0.02077565,0.02076222,0.020543395,0.020867027,0.002053222,0.002054,0.000713115,0.000923215,0.01882109,0.018728971,0.018764648,0.018924694,0.001925449,0.001895671,0.001905694,0.001974592,0.01789832,0.017913215,0.017868595,0.018051546,0.001852756,0.001860735,0.001792227,0.001848377,0.017435018,0.017462117,0.017273448,0.017573615,0.001798844,0.001801763,0.001770526,0.001750382,0.017012353,0.017162805,0.016980151,0.017195575,0.001770672,0.001756464,0.001733449,0.001750771,0.016858862,0.016775885,0.016879003,0.016889767,0.016679038,0.016510876,0.016650021,0.016557149,0.016501721,0.016429473,0.016558871,0.016567464,0.01638291,0.0163787,0.016312195,0.016371182,0.016415908,0.016196845,0.01645212,0.016357218,0.016306209,0.0161894,0.016222873,0.016170813,0.016238945,0.016200518,0.01627902,0.016313767,0.016096749,0.016178112,0.016032256,0.01612982,0.016301904,0.016131133,0.016333221,0.016222487,0.016029455,0.016063914,0.015952046,0.016026643,0.016261887,0.016237522,0.016302434,0.016326369,0.016152453,0.016042359,0.016050038,0.015994408,0.016288604,0.016230272,0.016326173,0.016359577,0.016190524,0.016223387,0.016066168,0.016149818,0.016503166,0.016451101,0.016525106,0.016464409,0.01639214,0.016285278,0.016251713,0.016198353,0.016572495,0.016558535,0.016660077,0.016708155,0.016460112,0.016597777,0.01639966,0.016438183,0.017071684,0.016916917,0.017003417,0.017097605,0.016787882,0.016840356,0.016758482,0.016803474,0.017663293,0.017385604,0.017746275,0.017605898,0.017308422,0.017352761,0.017203589,0.017284641,0.018435226,0.01827257,0.018580047,0.018553126,0.01825151,0.018318794,0.017994985,0.01793224,0.019093804,0.018910194,0.019443249,0.019366838,0.018841319,0.018788795,0.018407949,0.018420317,0.020424083,0.020155128,0.02106712,0.020682763,0.019833094,0.01948724,0.019181505,0.018948098,0.020603464,0.020863815,0.019611395,0.019775337,0.002046605,0.002182454,0.002214081,0.002261035,0.021950109,0.022678424,0.020322051,0.020522609,0.00219204,0.002268431,0.002448753,0.002473714,,,,,,,,,,,,,,,,,,,,,,,,,,,,,,,,,,,,,,,,,,,,,,,,,,,,,,,,,,,,,,,,,,,,,,,,,,,,,,,,,,,,
50E_1-1_300cyc,0.02178559,0.023068603,0.022875385,0.022401104,0.002266047,0.002221283,0.000791063,0.001036488,0.020593969,0.020231811,0.020604762,0.020842114,0.002095845,0.002109567,0.002174183,0.00222031,0.019571909,0.019495025,0.019568548,0.019856156,0.0020214,0.001998921,2.08E-05,0.00204242,0.019118044,0.01894024,0.018912535,0.019189582,0.001973035,0.001984518,0.001951432,0.001959606,0.018734894,0.018693476,0.018744389,0.018855601,0.00190224,0.001943549,0.001895184,1.30E-05,0.018508005,0.018157448,0.018549113,0.000170396,0.01835596,0.018167058,0.018119576,0.018212674,0.018022616,0.017953868,0.018079442,0.01813183,0.017850902,0.017960485,0.017835951,0.01791504,0.017844119,0.017830498,0.017874758,0.017842225,0.017768008,0.017646405,0.017645216,0.017653193,0.017835332,0.017615216,0.000103447,0.017779701,0.017525166,0.017681097,0.017442391,0.017451388,0.017685262,0.017732017,0.017752497,0.017733087,0.017570904,0.017514813,0.01747766,0.017504619,0.017837602,0.017622661,0.017868359,0.017802545,0.017540825,0.017667644,0.017442715,0.000113006,0.017801803,0.01782028,0.017847275,0.017942531,0.017641707,0.017626115,0.017542653,0.017540358,0.017959657,0.017701801,0.018026007,0.017965959,0.017815928,0.017801864,0.017700626,0.017712238,0.0182232,0.017996053,0.018163898,0.000105318,0.017847894,0.017840692,0.017833975,0.000104028,0.018321546,0.018238364,0.00011079,0.018471942,0.01805066,0.018195571,0.018086932,0.017969487,0.019008139,0.01881198,0.019100144,0.019172868,0.018736132,0.018830226,0.01868028,0.018760769,0.020195779,0.019692353,0.020428919,0.020181354,0.019976764,0.019754123,0.019700599,0.019578253,0.021076704,0.020344136,0.000176757,0.021220324,0.020650204,0.02036625,0.020247385,0.000148038,0.021935895,0.021510805,0.022685506,0.022878623,0.021173162,0.021332137,0.02071856,0.000187937,0.022317896,0.02217991,0.021273867,0.021176046,0.000742455,0.002302296,0.002366961,1.64E-05,0.022936634,0.023540818,0.021477607,0.021735819,0.002263517,0.002466416,0.002552052,0.00256699,,,,,,,,,,,,,,,,,,,,,,,,,,,,,,,,,,,,,,,,,,,,,,,,,,,,,,,,,,,,,,,,,,,,,,,,,,,,,,,,,,,,
50E_1-1_400cyc,0.023855423,0.024035537,0.024606773,0.024422529,0.002498627,0.002485587,0.000848284,0.001078139,0.022208698,0.021382424,0.022186286,0.000112251,0.002245222,0.00221739,0.002302248,0.002378931,0.021208755,0.02093101,0.021202533,0.021382327,0.002117546,0.002178075,0.002166106,0.002204642,0.020193007,0.020559759,0.020298194,0.020442885,0.002106404,0.002092245,0.002083584,0.002111318,0.020040106,0.01978373,0.020142404,0.020170163,0.002071517,0.002058671,0.002020135,0.002074874,0.019963818,0.019406932,0.020069743,0.019779668,0.019320309,0.019466999,0.019510395,0.019568083,0.019415146,0.019261399,0.019546136,0.019563437,0.019204889,0.018964763,0.019258029,0.019121146,0.019339448,0.018920996,9.52E-05,0.019220503,0.018851051,0.018901168,0.018884078,0.018991694,0.019134027,0.018674914,0.019209667,0.019047212,0.018912565,0.01874296,0.000128955,0.018819206,0.019017929,0.018919925,0.019074224,0.019173403,0.018824717,0.018961673,0.018799563,0.000106826,0.019233877,0.018878981,0.000112058,0.019154013,0.01878591,0.018909561,0.018773082,0.018902263,0.019253635,0.018806239,0.019390523,0.019211818,0.019085606,0.018905572,0.019034797,0.018911581,0.019251895,0.019125014,0.019447112,0.01946639,0.019022706,0.019189849,0.019098139,0.019177636,0.019628676,0.019181723,0.019757661,0.019576233,0.019382118,0.019191528,0.019195069,0.000113273,0.019917462,0.019711353,0.020081981,0.000114587,0.019562886,0.019773853,0.019678748,0.019519013,0.020609509,0.02000889,0.020488605,0.020526453,0.019858218,0.019989841,0.019987852,0.020065089,0.021383891,0.020450354,0.021699718,0.021333403,0.021023889,0.020697433,0.020484535,0.02066656,0.022256352,0.021881327,0.022922745,0.023056244,0.021733099,0.021354836,0.021503085,0.000151907,0.022759523,0.022371132,0.02349029,0.023763277,0.022144206,0.022484551,0.021703728,0.021763188,0.022892076,0.022952897,0.021562535,0.022127434,0.00219277,0.002414207,0.002465102,0.002486414,0.023361688,0.024557527,0.02220973,0.022195042,0.00234526,0.002426663,0.002666201,0.002663087,,,,,,,,,,,,,,,,,,,,,,,,,,,,,,,,,,,,,,,,,,,,,,,,,,,,,,,,,,,,,,,,,,,,,,,,,,,,,,,,,,,,
50E_1-1_500cyc,0.0261126,0.025798253,0.000134175,0.00013748,0.002450554,0.002478775,0.000874461,0.001097699,0.023851471,0.023103125,0.023771261,0.000122372,0.002303707,0.002371632,0.002451527,0.002500378,0.022112918,0.022586633,0.022261159,0.022378187,0.002290862,0.002250185,0.002337767,0.002389149,0.021776891,0.021251878,0.021841236,0.021901836,0.002248968,0.002188488,0.00225252,0.002293976,0.021534137,0.021070753,0.021697034,0.000136166,0.002216076,0.002201479,0.00215691,0.002226635,0.021528269,0.020726311,0.000113179,0.021309828,0.021240839,0.020827979,0.021034151,0.021132742,0.020916578,0.020744095,0.021069066,0.000118747,0.020646518,0.020259521,0.020794848,0.020612211,0.020492762,0.020270956,0.020673235,0.020725168,0.020266729,0.020431134,0.020395921,0.020539931,0.020616498,0.019945952,0.020740588,0.020436097,0.019942026,0.020030567,0.020139248,0.020231592,0.020357673,0.020097421,0.020517858,0.020552436,0.020041197,0.020229379,0.020195631,0.020333942,0.020631715,0.020079248,0.000117985,0.020479377,0.020007374,0.02012754,0.020113445,0.020265263,0.020622838,0.01992649,0.020776594,0.020584063,0.020364338,0.020183446,0.020426884,0.020303848,0.020613461,0.020415296,0.020826254,0.020879385,0.020300937,0.020590437,0.020457258,0.000130279,0.020670729,0.020431037,0.000108372,0.021033044,0.020317273,0.020494729,0.020572501,0.000123686,0.021298373,0.020615033,0.000132848,0.02127555,0.020953764,0.020666074,0.020825074,0.020931156,0.021953854,0.021608362,0.022265612,0.022359016,0.021457584,0.02112357,0.021703669,0.021458232,0.022960225,0.021803452,0.022786948,0.022864147,0.021838051,0.021969907,0.022009146,0.022155533,0.023656431,0.022358821,0.024360717,0.023705667,0.022363338,0.022552841,0.022369148,0.022478882,0.024158658,0.02257133,0.024745047,0.023908153,0.023244883,0.022782063,0.000224706,0.022449493,0.022948282,0.024274369,0.000271063,0.022565808,0.00229529,0.002366523,0.002555847,0.002580419,0.024598664,0.024356988,0.023157448,0.02306184,0.002472595,0.002517457,1.68E-05,3.21E-05,,,,,,,,,,,,,,,,,,,,,,,,,,,,,,,,,,,,,,,,,,,,,,,,,,,,,,,,,,,,,,,,,,,,,,,,,,,,,,,,,,,,
50E_1-1_initial,0.01611627,0.016102061,0.016017364,0.015999979,0.001632632,0.001653068,0.000551088,0.000673508,0.014446515,0.01446938,0.014409417,0.014459187,0.001489776,0.001489776,0.001489824,0.001449001,0.014446515,0.01446938,0.014409417,0.014459187,0.001489776,0.001489776,0.001489824,0.001449001,0.014446515,0.01446938,0.014409417,0.014459187,0.001489776,0.001489776,0.001489824,0.001449001,0.014446515,0.01446938,0.014409417,0.014459187,0.001489776,0.001489776,0.001489824,0.001449001,0.014038357,0.013969382,0.014038328,0.014010206,0.014050713,0.014071416,0.013976489,0.0139796,0.014038357,0.013969382,0.014038328,0.014010206,0.014050713,0.014071416,0.013976489,0.0139796,0.014038357,0.013969382,0.014038328,0.014010206,0.014050713,0.014071416,0.013976489,0.0139796,0.014038357,0.013969382,0.014038328,0.014010206,0.014050713,0.014071416,0.013976489,0.0139796,0.016512072,0.016367338,0.016685231,0.016540824,0.016437848,0.016469396,0.016103885,0.016153053,0.016512072,0.016367338,0.016685231,0.016540824,0.016437848,0.016469396,0.016103885,0.016153053,0.016512072,0.016367338,0.016685231,0.016540824,0.016437848,0.016469396,0.016103885,0.016153053,0.016512072,0.016367338,0.016685231,0.016540824,0.016437848,0.016469396,0.016103885,0.016153053,0.016512072,0.016367338,0.016685231,0.016540824,0.016437848,0.016469396,0.016103885,0.016153053,0.016512072,0.016367338,0.016685231,0.016540824,0.016437848,0.016469396,0.016103885,0.016153053,0.016512072,0.016367338,0.016685231,0.016540824,0.016437848,0.016469396,0.016103885,0.016153053,0.016512072,0.016367338,0.016685231,0.016540824,0.016437848,0.016469396,0.016103885,0.016153053,0.016512072,0.016367338,0.016685231,0.016540824,0.016437848,0.016469396,0.016103885,0.016153053,0.017167612,0.017071427,0.017365483,0.017255107,0.017105774,0.016877554,0.016611007,0.016561211,0.021583177,0.021448987,0.019443426,0.019479601,0.002081637,0.002122412,0.002244881,0.002265317,0.021583177,0.021448987,0.019443426,0.019479601,0.002081637,0.002122412,0.002244881,0.002265317,,,,,,,,,,,,,,,,,,,,,,,,,,,,,,,,,,,,,,,,,,,,,,,,,,,,,,,,,,,,,,,,,,,,,,,,,,,,,,,,,,,,
50E_1-2_100cyc,0.018354957,0.018224473,0.018181827,0.018285708,0.001857135,0.001918345,0.000632636,0.000775493,0.015423633,0.015418384,0.015448374,0.015489787,0.001612245,0.001612245,0.001550986,0.001571422,0.015423633,0.015418384,0.015448374,0.015489787,0.001612245,0.001612245,0.001550986,0.001571422,0.015423633,0.015418384,0.015448374,0.015489787,0.001612245,0.001612245,0.001550986,0.001571422,0.015423633,0.015418384,0.015448374,0.015489787,0.001612245,0.001612245,0.001550986,0.001571422,0.014867028,0.014846933,0.014928866,0.014969402,0.014792833,0.014836715,0.014743351,0.014826546,0.014867028,0.014846933,0.014928866,0.014969402,0.014792833,0.014836715,0.014743351,0.014826546,0.014867028,0.014846933,0.014928866,0.014969402,0.014792833,0.014836715,0.014743351,0.014826546,0.014867028,0.014846933,0.014928866,0.014969402,0.014792833,0.014836715,0.014743351,0.014826546,0.017884962,0.017724475,0.018169442,0.018102028,0.017699446,0.017673458,0.017340772,0.017346947,0.017884962,0.017724475,0.018169442,0.018102028,0.017699446,0.017673458,0.017340772,0.017346947,0.017884962,0.017724475,0.018169442,0.018102028,0.017699446,0.017673458,0.017340772,0.017346947,0.017884962,0.017724475,0.018169442,0.018102028,0.017699446,0.017673458,0.017340772,0.017346947,0.017884962,0.017724475,0.018169442,0.018102028,0.017699446,0.017673458,0.017340772,0.017346947,0.017884962,0.017724475,0.018169442,0.018102028,0.017699446,0.017673458,0.017340772,0.017346947,0.017884962,0.017724475,0.018169442,0.018102028,0.017699446,0.017673458,0.017340772,0.017346947,0.017884962,0.017724475,0.018169442,0.018102028,0.017699446,0.017673458,0.017340772,0.017346947,0.017884962,0.017724475,0.018169442,0.018102028,0.017699446,0.017673458,0.017340772,0.017346947,0.019344461,0.01903062,0.019863939,0.019591828,0.018936303,0.018642849,0.018342631,0.018142851,0.02226343,0.022499999,0.020568962,0.020520419,0.002224494,0.00230614,0.002469384,0.002448997,0.02226343,0.022499999,0.020568962,0.020520419,0.002224494,0.00230614,0.002469384,0.002448997,,,,,,,,,,,,,,,,,,,,,,,,,,,,,,,,,,,,,,,,,,,,,,,,,,,,,,,,,,,,,,,,,,,,,,,,,,,,,,,,,,,,
50E_1-2_200cyc,0.020705762,0.020904225,0.021391971,0.021112038,0.002173502,0.002168441,0.000723527,0.000943456,0.019060157,0.018937417,0.019022588,0.019215832,0.001952794,0.00194316,0.001966613,0.001998434,0.018158973,0.018205594,0.018130045,0.018344071,0.001878836,0.001913285,0.001835434,0.00187251,0.017443246,0.017798555,0.017461676,0.017631565,0.001820156,0.001843997,0.001778311,0.001808089,0.017186308,0.017191439,0.017213055,0.017273621,0.001828087,0.001780987,0.001736514,0.001733936,0.016910645,0.0168143,0.016928456,0.016912441,0.016713806,0.016748005,0.016674586,0.016702973,0.016705549,0.01648538,0.016725985,0.016627385,0.016579218,0.016471585,0.016369669,0.0164321,0.016494762,0.016443656,0.01653873,0.01643738,0.016371851,0.016273795,0.016296979,0.016230637,0.016364656,0.016350284,0.016399099,0.016449276,0.016285508,0.016185775,0.016172063,0.016123835,0.016342657,0.016287395,0.016401783,0.016430762,0.016203292,0.016286811,0.016131339,0.016228982,0.016571757,0.01638067,0.0166016,0.01649713,0.016331569,0.016354541,0.016202585,0.016282773,0.01661027,0.016550458,0.016647338,0.01668677,0.016500129,0.01638483,0.016368844,0.016321333,0.016774553,0.016742239,0.016861723,0.016898841,0.016658013,0.016757663,0.016563559,0.016645582,0.017200581,0.016968786,0.017130102,0.017154168,0.016908197,0.016979855,0.016827398,0.016857215,0.017636487,0.017362833,0.017725279,0.017619011,0.017470376,0.017334734,0.017406178,0.017288291,0.018614048,0.018478997,0.018702102,0.018729701,0.018431481,0.018229387,0.018301818,0.01823002,0.019372593,0.019053659,0.019547316,0.019462084,0.019095927,0.01906772,0.018826339,0.018873823,0.020088085,0.019465904,0.020481291,0.020141772,0.019699096,0.019401774,0.019287576,0.019059692,0.021049928,0.020658313,0.021895348,0.021885998,0.020380557,0.0204695,0.019836986,0.019773391,0.022103127,0.021844713,0.020831031,0.020702274,0.00213516,0.002263128,0.002323657,0.002346963,0.023021621,0.023465838,0.0212304,0.021442759,0.002262738,0.002286483,0.002560032,0.002560421,,,,,,,,,,,,,,,,,,,,,,,,,,,,,,,,,,,,,,,,,,,,,,,,,,,,,,,,,,,,,,,,,,,,,,,,,,,,,,,,,,,,
50E_1-2_300cyc,0.022232171,0.02220852,0.023192893,0.022724575,0.002325311,0.002325798,0.000801476,0.001033763,0.021536319,0.0209169,0.0208911,0.021606562,0.002119784,0.002177005,0.002211746,0.002248433,0.019966679,0.020221861,0.019985227,0.020568833,0.002073463,0.002056336,2.72E-06,0.00211161,0.019468433,0.019530593,0.019547964,0.019726875,0.001982913,0.002016048,0.001956784,0.002001646,0.019056796,0.019041689,0.019153048,0.019258577,0.001983302,0.001979263,0.001953232,0.00194569,0.018867801,0.018430729,0.018963492,0.018751719,0.018330187,0.018433284,0.018451062,0.018510794,0.018321664,0.018265466,0.018366576,0.018501598,0.018155995,0.01797642,0.018156909,0.018078186,0.018201703,0.01812295,0.018273243,0.018135115,0.017982246,0.017878012,0.01796871,0.017891222,0.018143669,0.017854316,0.018240658,0.018080716,0.01798894,0.017865994,0.000119195,0.017832372,0.018078291,0.017997245,0.01815051,0.018214912,0.017909025,0.017795101,0.017850106,0.017813833,0.018254341,0.017973525,0.018301169,0.018182725,0.018162453,0.017986419,0.017862432,0.017971603,0.018316474,0.018262596,0.018391553,0.018472599,0.018147473,0.018324341,0.018083835,0.01805376,0.018656895,0.018659879,0.018747633,0.018701967,0.01848235,0.018477002,0.018438912,0.000111643,0.019213205,0.018887787,0.0193301,0.019211574,0.018824245,0.018977389,0.018831116,0.018891826,0.019375985,0.01936117,0.019547787,0.019469602,0.019164725,0.019104116,0.019194303,0.019092584,0.020106781,0.019650338,0.020251896,0.02011377,0.019458524,0.019756093,0.019532306,0.019670749,0.02104866,0.020918068,0.02138103,0.021512143,0.020712102,0.02052222,0.020570024,0.020480886,0.02176654,0.020877536,0.022412408,0.022098896,0.021351394,0.020976213,0.021024331,0.020813236,0.023152376,0.021906678,0.024057423,0.023411731,0.021748493,0.022173731,0.02128988,0.021021561,0.022094133,0.022521043,0.021600871,0.021745477,0.002225127,0.000865216,0.002424084,0.002533708,0.024131086,0.024515342,0.022377552,0.022434604,0.002438681,0.002410266,0.002615209,0.002686491,,,,,,,,,,,,,,,,,,,,,,,,,,,,,,,,,,,,,,,,,,,,,,,,,,,,,,,,,,,,,,,,,,,,,,,,,,,,,,,,,,,,
50E_1-2_400cyc,0.024146951,0.023992013,0.025025428,0.024697781,0.002544851,0.002529281,0.000843126,0.001036196,0.022774002,0.021748056,0.022816732,0.022823811,0.002310909,0.002287359,0.002425544,0.002490063,0.021926842,0.021333159,0.022000565,0.022042527,0.002284537,0.002230041,0.00223987,0.002258943,0.021368173,0.020976991,0.021016782,0.021528516,0.002148541,0.002219531,0.002153455,0.002201041,0.020605528,0.020600922,0.02082528,0.021174976,0.000451292,0.002172237,0.002136084,0.002138761,0.020515852,0.020249936,0.020730178,0.020737283,0.020179117,0.02024833,0.020407805,0.020496967,0.020045857,0.019813095,0.020265019,0.020243781,0.019728526,0.019790688,0.019919909,0.02002086,0.020004395,0.019344846,0.020096961,0.019903864,0.019746602,0.019493273,0.019804666,0.019649948,0.019689777,0.019508381,0.019870545,0.019874062,0.019355696,0.019532856,0.01949167,0.01964192,0.019870368,0.019735049,0.019997465,0.019821075,0.019599511,0.019421091,0.019674148,0.019509062,0.019794905,0.019654595,0.019958835,0.020071073,0.019579134,0.019677804,0.01965212,0.019741277,0.020164226,0.019586257,0.020318365,0.020109099,0.019944916,0.019781152,0.019685059,0.019832387,0.020341425,0.02016014,0.020523343,0.020610021,0.020007639,0.019818277,0.020151516,0.019969259,0.020843328,0.020163619,0.020671525,0.020710522,0.020053288,0.020294043,0.02030421,0.020364961,0.021047775,0.020732661,0.021241724,0.021367584,0.020610512,0.020862477,0.020815372,0.020642451,0.021908677,0.021085447,0.02181906,0.021789609,0.020918023,0.021205459,0.021211704,0.021297129,0.022311349,0.021014043,0.022771938,0.022257396,0.021833391,0.021393202,0.021820269,0.021501561,0.022617091,0.02208155,0.023307222,0.023270553,0.021952527,0.022053694,0.02190328,0.021984553,0.024143678,0.022409352,0.024649798,0.023621345,0.023186258,0.022571403,0.022111797,0.022176577,0.023000861,0.022816439,0.02245325,0.0223261,0.002314169,0.00237533,0.002484662,0.002609905,0.024330048,0.024038894,0.02298187,0.022748076,0.002465394,0.00249235,0.002623869,0.002780496,,,,,,,,,,,,,,,,,,,,,,,,,,,,,,,,,,,,,,,,,,,,,,,,,,,,,,,,,,,,,,,,,,,,,,,,,,,,,,,,,,,,
50E_1-2_500cyc,0.024220674,0.024172481,0.025521994,0.025063218,0.002559642,0.002509039,0.000841277,0.001126795,0.024429279,0.023370811,0.024329341,0.024311859,0.002389149,0.002464275,0.002530838,0.002516046,0.022510341,0.022764255,0.022713727,0.023509045,0.002338351,0.002418732,0.002372022,0.002429729,0.022397487,0.021634126,0.022441868,0.022377506,0.00230108,0.002262982,0.002318986,0.002356354,0.022040286,0.021499249,0.022234412,0.022208301,0.002283807,0.002261473,0.002237047,0.002312806,0.022076794,0.020953757,0.022311585,0.021836417,0.021654482,0.021076786,0.021627912,0.021665826,0.02130716,0.021074037,0.021640917,0.02168597,0.021015219,0.021154905,0.021384333,0.021539367,0.021486807,0.020683128,0.021661028,0.021281461,0.020519774,0.02080134,0.021014275,0.021095325,0.021120465,0.020804989,0.021258444,0.021399576,0.020725431,0.020976237,0.021038958,0.021160062,0.021415798,0.020715363,0.021180387,0.02127409,0.02064413,0.02078032,0.020926015,0.021069098,0.021324795,0.021089656,0.021529684,0.021240906,0.020977709,0.020702688,0.021218575,0.020973342,0.021248123,0.020868754,0.021482148,0.02152623,0.020911919,0.02107703,0.021165878,0.021300827,0.021746428,0.020909966,0.021966387,0.021559852,0.020819029,0.021036182,0.021238038,0.021309025,0.021660881,0.02127083,0.021890895,0.022008979,0.021164846,0.021472294,0.021599455,0.021691371,0.022331667,0.021332819,0.022642717,0.022141131,0.020970602,0.021449741,0.021734279,0.021791482,0.022576072,0.021979444,0.022895055,0.022981605,0.022081571,0.022210929,0.022385956,0.022559117,0.023759554,0.022407478,0.02429823,0.02355342,0.022482651,0.02258257,0.022744838,0.022916429,0.023486515,0.022903219,0.024081427,0.0242044,0.022774562,0.023138085,0.022868161,0.023046635,0.024746934,0.023001651,0.023836697,0.02399177,0.022648939,0.023097432,0.022766866,0.022849623,0.023378999,0.023305246,0.022921034,0.022814931,0.002367059,0.002370611,0.002526799,0.002644938,0.024714378,0.024569764,0.023514294,0.023408252,0.002351975,0.001919026,0.002661335,0.002652966,,,,,,,,,,,,,,,,,,,,,,,,,,,,,,,,,,,,,,,,,,,,,,,,,,,,,,,,,,,,,,,,,,,,,,,,,,,,,,,,,,,,
50E_1-2_initial,0.016066847,0.016163271,0.015992593,0.016081625,0.001673504,0.00169394,0.00055099,0.000673508,0.014582577,0.014632648,0.014557806,0.014581632,0.001550986,0.001530647,0.00146934,0.001489776,0.014582577,0.014632648,0.014557806,0.014581632,0.001550986,0.001530647,0.00146934,0.001489776,0.014582577,0.014632648,0.014557806,0.014581632,0.001550986,0.001530647,0.00146934,0.001489776,0.014582577,0.014632648,0.014557806,0.014581632,0.001550986,0.001530647,0.00146934,0.001489776,0.014471256,0.014479574,0.014471226,0.014479598,0.014495997,0.014469405,0.014397032,0.014387758,0.014471256,0.014479574,0.014471226,0.014479598,0.014495997,0.014469405,0.014397032,0.014387758,0.014471256,0.014479574,0.014471226,0.014479598,0.014495997,0.014469405,0.014397032,0.014387758,0.014471256,0.014479574,0.014471226,0.014479598,0.014495997,0.014469405,0.014397032,0.014387758,0.016178109,0.016102061,0.016314171,0.016306103,0.016165723,0.016102037,0.015856502,0.01580613,0.016178109,0.016102061,0.016314171,0.016306103,0.016165723,0.016102037,0.015856502,0.01580613,0.016178109,0.016102061,0.016314171,0.016306103,0.016165723,0.016102037,0.015856502,0.01580613,0.016178109,0.016102061,0.016314171,0.016306103,0.016165723,0.016102037,0.015856502,0.01580613,0.016178109,0.016102061,0.016314171,0.016306103,0.016165723,0.016102037,0.015856502,0.01580613,0.016178109,0.016102061,0.016314171,0.016306103,0.016165723,0.016102037,0.015856502,0.01580613,0.016178109,0.016102061,0.016314171,0.016306103,0.016165723,0.016102037,0.015856502,0.01580613,0.016178109,0.016102061,0.016314171,0.016306103,0.016165723,0.016102037,0.015856502,0.01580613,0.016178109,0.016102061,0.016314171,0.016306103,0.016165723,0.016102037,0.015856502,0.01580613,0.016932585,0.016683681,0.017155227,0.017010192,0.016858361,0.016826537,0.016376009,0.016336733,0.021694498,0.021081628,0.01914656,0.019193863,0.002040814,0.002081637,0.002204058,0.00224493,0.021694498,0.021081628,0.01914656,0.019193863,0.002040814,0.002081637,0.002204058,0.00224493,,,,,,,,,,,,,,,,,,,,,,,,,,,,,,,,,,,,,,,,,,,,,,,,,,,,,,,,,,,,,,,,,,,,,,,,,,,,,,,,,,,,
50E_4-2_100cyc,0.018206569,0.018102052,0.018021053,0.018163263,0.001857135,0.001897909,0.000612298,0.000755154,0.015386506,0.015479594,0.01537415,0.015551022,0.001612245,0.001612245,0.001550986,0.001591858,0.015386506,0.015479594,0.01537415,0.015551022,0.001612245,0.001612245,0.001550986,0.001591858,0.015386506,0.015479594,0.01537415,0.015551022,0.001612245,0.001612245,0.001550986,0.001591858,0.015386506,0.015479594,0.01537415,0.015551022,0.001612245,0.001612245,0.001550986,0.001591858,0.014891769,0.014867345,0.014953607,0.015000008,0.014829931,0.014877538,0.014780448,0.014857151,0.014891769,0.014867345,0.014953607,0.015000008,0.014829931,0.014877538,0.014780448,0.014857151,0.014891769,0.014867345,0.014953607,0.015000008,0.014829931,0.014877538,0.014780448,0.014857151,0.014891769,0.014867345,0.014953607,0.015000008,0.014829931,0.014877538,0.014780448,0.014857151,0.017155227,0.017010192,0.017427322,0.01735714,0.017019165,0.016979587,0.016598651,0.01663264,0.017155227,0.017010192,0.017427322,0.01735714,0.017019165,0.016979587,0.016598651,0.01663264,0.017155227,0.017010192,0.017427322,0.01735714,0.017019165,0.016979587,0.016598651,0.01663264,0.017155227,0.017010192,0.017427322,0.01735714,0.017019165,0.016979587,0.016598651,0.01663264,0.017155227,0.017010192,0.017427322,0.01735714,0.017019165,0.016979587,0.016598651,0.01663264,0.017155227,0.017010192,0.017427322,0.01735714,0.017019165,0.016979587,0.016598651,0.01663264,0.017155227,0.017010192,0.017427322,0.01735714,0.017019165,0.016979587,0.016598651,0.01663264,0.017155227,0.017010192,0.017427322,0.01735714,0.017019165,0.016979587,0.016598651,0.01663264,0.017155227,0.017010192,0.017427322,0.01735714,0.017019165,0.016979587,0.016598651,0.01663264,0.018726047,0.018214279,0.019282622,0.019010208,0.018082862,0.018132657,0.017575769,0.017551038,0.022077914,0.022520411,0.020272096,0.020326522,0.002183671,0.00224493,0.002428561,0.002469384,0.022077914,0.022520411,0.020272096,0.020326522,0.002183671,0.00224493,0.002428561,0.002469384,,,,,,,,,,,,,,,,,,,,,,,,,,,,,,,,,,,,,,,,,,,,,,,,,,,,,,,,,,,,,,,,,,,,,,,,,,,,,,,,,,,,
50E_4-2_200cyc,0.020247385,0.020948989,0.020940022,0.021153056,0.002122509,0.002040863,0.000714283,0.000918349,0.01720468,0.017122444,0.017241806,0.017336729,0.001816312,0.001795924,0.001734665,0.00175515,0.01720468,0.017122444,0.017241806,0.017336729,0.001816312,0.001795924,0.001734665,0.00175515,0.01720468,0.017122444,0.017241806,0.017336729,0.001816312,0.001795924,0.001734665,0.00175515,0.01720468,0.017122444,0.017241806,0.017336729,0.001816312,0.001795924,0.001734665,0.00175515,0.016462589,0.016408186,0.016561525,0.016602034,0.016326527,0.016418379,0.016301786,0.01638775,0.016462589,0.016408186,0.016561525,0.016602034,0.016326527,0.016418379,0.016301786,0.01638775,0.016462589,0.016408186,0.016561525,0.016602034,0.016326527,0.016418379,0.016301786,0.01638775,0.016462589,0.016408186,0.016561525,0.016602034,0.016326527,0.016418379,0.016301786,0.01638775,0.019789745,0.019163283,0.01997526,0.019887759,0.019072366,0.019173476,0.018787856,0.018795923,0.019789745,0.019163283,0.01997526,0.019887759,0.019072366,0.019173476,0.018787856,0.018795923,0.019789745,0.019163283,0.01997526,0.019887759,0.019072366,0.019173476,0.018787856,0.018795923,0.019789745,0.019163283,0.01997526,0.019887759,0.019072366,0.019173476,0.018787856,0.018795923,0.019789745,0.019163283,0.01997526,0.019887759,0.019072366,0.019173476,0.018787856,0.018795923,0.019789745,0.019163283,0.01997526,0.019887759,0.019072366,0.019173476,0.018787856,0.018795923,0.019789745,0.019163283,0.01997526,0.019887759,0.019072366,0.019173476,0.018787856,0.018795923,0.019789745,0.019163283,0.01997526,0.019887759,0.019072366,0.019173476,0.018787856,0.018795923,0.019789745,0.019163283,0.01997526,0.019887759,0.019072366,0.019173476,0.018787856,0.018795923,0.021125537,0.020091826,0.022115011,0.021612231,0.020420544,0.020030615,0.01988868,0.019571416,0.023104515,0.022806099,0.021484212,0.021193855,0.002306092,0.002326527,0.00248982,0.00261224,0.023104515,0.022806099,0.021484212,0.021193855,0.002306092,0.002326527,0.00248982,0.00261224,,,,,,,,,,,,,,,,,,,,,,,,,,,,,,,,,,,,,,,,,,,,,,,,,,,,,,,,,,,,,,,,,,,,,,,,,,,,,,,,,,,,
50E_4-2_300cyc,0.022251044,0.021775499,0.023017935,0.022489806,0.00230614,0.002265366,0.000775493,0.001020432,0.018812627,0.018979579,0.018985786,0.019285728,0.001959168,0.001959168,0.001959168,0.001959168,0.018812627,0.018979579,0.018985786,0.019285728,0.001959168,0.001959168,0.001959168,0.001959168,0.018812627,0.018979579,0.018985786,0.019285728,0.001959168,0.001959168,0.001959168,0.001959168,0.018812627,0.018979579,0.018985786,0.019285728,0.001959168,0.001959168,0.001959168,0.001959168,0.018181798,0.018122464,0.018330246,0.018377572,0.01794683,0.017816339,0.017983897,0.017918397,0.018181798,0.018122464,0.018330246,0.018377572,0.01794683,0.017816339,0.017983897,0.017918397,0.018181798,0.018122464,0.018330246,0.018377572,0.01794683,0.017816339,0.017983897,0.017918397,0.018181798,0.018122464,0.018330246,0.018377572,0.01794683,0.017816339,0.017983897,0.017918397,0.021323438,0.020846956,0.022040817,0.022081648,0.020680254,0.020836738,0.020618415,0.020653082,0.021323438,0.020846956,0.022040817,0.022081648,0.020680254,0.020836738,0.020618415,0.020653082,0.021323438,0.020846956,0.022040817,0.022081648,0.020680254,0.020836738,0.020618415,0.020653082,0.021323438,0.020846956,0.022040817,0.022081648,0.020680254,0.020836738,0.020618415,0.020653082,0.021323438,0.020846956,0.022040817,0.022081648,0.020680254,0.020836738,0.020618415,0.020653082,0.021323438,0.020846956,0.022040817,0.022081648,0.020680254,0.020836738,0.020618415,0.020653082,0.021323438,0.020846956,0.022040817,0.022081648,0.020680254,0.020836738,0.020618415,0.020653082,0.021323438,0.020846956,0.022040817,0.022081648,0.020680254,0.020836738,0.020618415,0.020653082,0.021323438,0.020846956,0.022040817,0.022081648,0.020680254,0.020836738,0.020618415,0.020653082,0.023055032,0.021500004,0.024056892,0.02304082,0.022139753,0.021357147,0.021113182,0.021040829,0.023191095,0.02419389,0.022164494,0.022459176,0.002346915,0.002346963,0.002632676,0.002653064,0.023191095,0.02419389,0.022164494,0.022459176,0.002346915,0.002346963,0.002632676,0.002653064,,,,,,,,,,,,,,,,,,,,,,,,,,,,,,,,,,,,,,,,,,,,,,,,,,,,,,,,,,,,,,,,,,,,,,,,,,,,,,,,,,,,
50E_4-2_400cyc,0.023384248,0.02309461,0.024275022,0.019876568,0.002401605,0.002396058,0.000809261,0.001057119,0.022198554,0.021062116,0.022162371,0.022395801,0.002271594,0.002240745,0.002253883,0.002333388,0.021517653,0.020396515,0.021054351,0.021411545,0.002141972,0.000643925,0.002220018,0.002220991,0.020739644,0.020084186,0.020451389,0.02079679,0.002095164,0.002108204,0.002133798,0.002137982,0.020258266,0.019865352,0.020438503,0.020509545,0.002094434,0.002086017,0.002049086,0.00209132,0.020296897,0.019633794,0.020118989,0.020193324,0.019555632,0.019686344,0.019891806,0.019993417,0.019882399,0.019377859,0.019732389,0.01984263,0.019222406,0.019386423,0.019499543,0.019608639,0.019380821,0.019302952,0.019585238,0.019472667,0.019188906,0.019047966,0.019355018,0.019277967,0.019452037,0.018924742,0.019611985,0.019431503,0.019187491,0.018988848,0.019324585,0.019202987,0.019447024,0.019306942,0.019628912,0.019698824,0.019164018,0.018980308,0.019310047,0.019256339,0.019563888,0.01933183,0.019690544,0.019790834,0.019227596,0.019456854,0.019400755,0.019287212,0.019705141,0.019529304,0.019897144,0.019977336,0.019458613,0.01957908,0.019514347,0.019696099,0.019830381,0.019631532,0.02006989,0.020110996,0.019391938,0.019688606,0.019717556,0.019817109,0.02039539,0.019749768,0.020266022,0.020296184,0.019650468,0.019810784,0.019915692,0.019961085,0.020622072,0.01971819,0.020912833,0.020641332,0.020227833,0.019990473,0.020490138,0.020264849,0.02092861,0.020503949,0.021290175,0.021239908,0.020528149,0.020549127,0.020653419,0.020744265,0.021959221,0.020959256,0.021884909,0.021968423,0.020896378,0.021146268,0.021096255,0.021214582,0.022491232,0.021009761,0.023303182,0.022638769,0.021803549,0.021390988,0.021771966,0.021381159,0.02299747,0.022255012,0.023502233,0.023737927,0.021914634,0.022379111,0.021798241,0.021389407,0.022022652,0.023090572,0.021721333,0.022319628,0.00222284,0.002312952,0.002493615,0.002547576,0.023617624,0.02353768,0.022531986,0.022404461,0.00239163,0.002446321,0.002564265,0.002600125,,,,,,,,,,,,,,,,,,,,,,,,,,,,,,,,,,,,,,,,,,,,,,,,,,,,,,,,,,,,,,,,,,,,,,,,,,,,,,,,,,,,
50E_4-2_500cyc,0.025193014,0.025643037,0.024702435,0.024439267,0.002414353,0.002452987,0.000867941,0.001112296,0.023769079,0.022846339,0.023691641,0.023592443,0.002427101,0.002363263,0.002449581,0.002446564,0.022762207,0.022342108,0.022151991,0.023044007,0.002286677,0.002221575,0.002330177,0.002394501,0.021822982,0.021238935,0.021975528,0.021957232,0.002274708,0.002249601,0.002286288,0.002315872,0.021771907,0.021311264,0.021918821,0.021936358,0.002191602,0.002225613,0.002174037,0.002223715,0.021216659,0.02076672,0.021492086,0.021487085,0.020802161,0.020950984,0.021238068,0.021370406,0.02118944,0.020240643,0.02136602,0.020995237,0.020860726,0.020382526,0.021142169,0.020854814,0.0207428,0.020388438,0.020916578,0.020911694,0.020226447,0.020503657,0.020594676,0.020789759,0.020837636,0.020714414,0.020963377,0.020681912,0.020520541,0.020180162,0.02070355,0.020540612,0.020981897,0.020246676,0.020781165,0.020774652,0.020276608,0.020290808,0.02048194,0.020609462,0.020840644,0.020531732,0.021056887,0.021124567,0.020481822,0.020732028,0.020729441,0.020570025,0.02133547,0.020414761,0.021532987,0.021110968,0.020356317,0.02057348,0.020798298,0.020899943,0.021202386,0.020827128,0.021438681,0.021513603,0.020848842,0.021058735,0.021158772,0.021265259,0.021837608,0.020971079,0.022107285,0.02167057,0.020621806,0.021119045,0.021322583,0.021406169,0.021875885,0.021366197,0.022142141,0.022262675,0.021439684,0.021619432,0.021775652,0.02188994,0.022760496,0.021476016,0.023153909,0.022512504,0.021254935,0.021628823,0.022009411,0.022101086,0.022661826,0.022175945,0.023173283,0.02324732,0.021976,0.022329408,0.022327834,0.022513331,0.023779695,0.022145412,0.024351074,0.02354257,0.023104397,0.022461414,0.022300409,0.022439543,0.023657876,0.023016638,0.023910744,0.024203695,0.02282723,0.023362028,0.022638854,0.022159839,0.023280269,0.023262428,0.022680817,0.022725086,0.002234469,0.002422917,0.002522371,0.002530886,0.02368533,0.024472621,0.022555489,0.023165357,0.002334313,0.002414499,0.002653939,0.002647517,,,,,,,,,,,,,,,,,,,,,,,,,,,,,,,,,,,,,,,,,,,,,,,,,,,,,,,,,,,,,,,,,,,,,,,,,,,,,,,,,,,,
50E_4-2_600cyc,0.027793532,0.027578072,0.018582259,0.018052641,0.002941015,0.002940139,0.000498052,0.000744255,0.017401047,0.026398338,0.019311463,0.019556284,0.00275281,0.002607326,0.001865309,0.00187251,0.017206891,0.025065237,0.019180944,0.018921385,0.002537504,0.00263253,0.00187144,0.001799525,0.016430653,0.024076968,0.019084574,0.018849884,0.002460334,0.002560275,0.001808186,0.001827162,0.017682756,0.0239146,0.018939636,0.018984177,0.002432648,0.002434692,0.001881706,0.001932358,2.67E-05,6.81E-07,0.017651084,0.015319829,0.023338156,0.022911904,0.018793665,0.017150957,0.022923777,0.022641664,0.016337231,0.018231917,0.022549149,0.022873635,0.017501546,0.018904404,0.022683117,0.022451488,0.016879298,0.018463402,0.022386074,0.022719101,0.017835096,0.015008693,3.43E-05,0.022516932,0.017303144,0.018662555,0.022433817,0.022191588,0.018362418,0.016229664,0.014507911,0.022052453,0.018075018,0.016153078,0.022471209,0.022308632,0.018654625,0.017749168,0.02254387,0.022322621,0.016249855,0.017721337,0.02221725,0.022557998,0.016871159,0.018443088,0.017462148,0.022486643,0.01496555,0.018152582,0.022359062,0.022724697,0.016930226,0.018537336,0.022968217,0.022806172,0.016328414,0.018543297,0.022624375,2.54E-05,0.017904454,0.018742474,0.02326579,0.023133147,0.016979974,0.018612025,0.022922243,0.023209538,0.018350003,0.015327444,0.023690137,0.023620688,0.017626491,0.015115543,0.023406217,0.023036928,0.018464833,0.017224088,0.016624867,0.023543543,0.018938279,0.017242334,0.024139815,0.023711068,0.015372056,0.018370979,0.017626608,0.024226101,0.019396332,0.017967078,0.024991133,0.024432163,0.015591337,0.019006753,0.018305681,0.025046942,0.015672402,0.018823925,0.024724169,0.025107325,0.017661995,0.019337474,0.018069799,0.025520617,0.01541337,0.018757971,0.024833013,0.025217703,0.018262745,0.015545597,0.025127696,0.025497432,0.018156319,0.018429318,0.002561929,0.002688437,0.001792081,0.001909976,0.027055658,0.027181883,0.015760338,0.019723518,0.002597887,0.002729455,0.002020768,0.001780354,,,,,,,,,,,,,,,,,,,,,,,,,,,,,,,,,,,,,,,,,,,,,,,,,,,,,,,,,,,,,,,,,,,,,,,,,,,,,,,,,,,,
50E_4-2_700cyc,0.026135542,0.025968673,0.027197795,0.02687987,0.002747361,0.002714371,0.000857918,0.001092054,0.025158188,0.024895765,0.024993993,0.024712524,0.002554096,0.002434692,0.002697244,0.002723324,0.024180333,0.024284538,0.024288705,0.024048431,0.002480867,0.002383602,0.002545435,0.002600903,0.023771704,0.022343397,0.024053854,0.023822979,0.002437514,0.002394598,0.002508066,0.002534049,0.023619216,0.022191199,0.023934247,0.02366499,0.002378834,0.002355089,0.002468168,0.00249055,0.023560621,0.022911442,0.023724433,0.023847137,0.022866598,0.023092129,0.023748555,0.023904723,0.023515385,0.022132007,0.023765039,0.023087944,0.02207122,0.022359454,0.023015429,0.023134704,0.022556875,0.022085516,0.022919442,0.022968346,0.022034448,0.022305591,0.022885117,0.023074491,0.022724785,0.022344735,0.02305518,0.02315857,0.022300586,0.021465919,0.022988358,0.022615584,0.022461153,0.021904683,0.022803639,0.022868915,0.021972255,0.022237739,0.022663448,0.02289974,0.022876123,0.021455799,0.023174905,0.022707594,0.022373306,0.021860454,0.022466225,0.022686331,0.022513762,0.022077925,0.022924278,0.022969246,0.02204642,0.022189179,0.02273664,0.022915699,0.023012568,0.021432006,0.023387226,0.022853637,0.022401821,0.022014161,0.023258447,0.022831401,0.022836224,0.02234729,0.023285253,0.023363026,0.022249363,0.022586219,0.023061373,0.02323282,0.023481709,0.022956522,0.023829443,0.023170977,0.022739117,0.022296516,0.023562597,0.023171658,0.02351624,0.022931148,0.02404893,0.024120078,0.022853681,0.023108234,0.023581411,0.023905696,0.02454001,0.023735202,0.024997296,0.025138685,0.023582885,0.02275591,0.024272427,0.02383383,0.024225657,0.023532546,0.024559178,0.024630829,0.023602791,0.023972356,0.023958428,0.024299305,0.025150314,0.022643318,0.024942476,0.024042421,0.024105725,0.023353124,0.02421283,0.023603439,0.023096199,0.024230359,0.023310053,0.024185984,0.002323365,0.002543342,0.002629952,0.002660995,0.024303567,0.02545038,0.024005758,0.024742423,0.002457901,0.002489285,0.002769937,0.002763223,,,,,,,,,,,,,,,,,,,,,,,,,,,,,,,,,,,,,,,,,,,,,,,,,,,,,,,,,,,,,,,,,,,,,,,,,,,,,,,,,,,,
50E_4-2_initial,0.016128597,0.016183707,0.01611627,0.016091843,0.001653068,0.001632632,0.000530554,0.000673411,0.014607289,0.014734706,0.014644415,0.014673471,0.001510211,0.001510211,0.00146934,0.00146934,0.014607289,0.014734706,0.014644415,0.014673471,0.001510211,0.001510211,0.00146934,0.00146934,0.014607289,0.014734706,0.014644415,0.014673471,0.001510211,0.001510211,0.00146934,0.00146934,0.014607289,0.014734706,0.014644415,0.014673471,0.001510211,0.001510211,0.00146934,0.00146934,0.014384647,0.014326524,0.014384676,0.014377565,0.014335194,0.014336742,0.014347579,0.014367347,0.014384647,0.014326524,0.014384676,0.014377565,0.014335194,0.014336742,0.014347579,0.014367347,0.014384647,0.014326524,0.014384676,0.014377565,0.014335194,0.014336742,0.014347579,0.014367347,0.014384647,0.014326524,0.014384676,0.014377565,0.014335194,0.014336742,0.014347579,0.014367347,0.016079173,0.01595918,0.01620285,0.016193876,0.016029691,0.016020415,0.015757596,0.015744895,0.016079173,0.01595918,0.01620285,0.016193876,0.016029691,0.016020415,0.015757596,0.015744895,0.016079173,0.01595918,0.01620285,0.016193876,0.016029691,0.016020415,0.015757596,0.015744895,0.016079173,0.01595918,0.01620285,0.016193876,0.016029691,0.016020415,0.015757596,0.015744895,0.016079173,0.01595918,0.01620285,0.016193876,0.016029691,0.016020415,0.015757596,0.015744895,0.016079173,0.01595918,0.01620285,0.016193876,0.016029691,0.016020415,0.015757596,0.015744895,0.016079173,0.01595918,0.01620285,0.016193876,0.016029691,0.016020415,0.015757596,0.015744895,0.016079173,0.01595918,0.01620285,0.016193876,0.016029691,0.016020415,0.015757596,0.015744895,0.016079173,0.01595918,0.01620285,0.016193876,0.016029691,0.016020415,0.015757596,0.015744895,0.016821293,0.016551018,0.017006809,0.01702041,0.016759425,0.016683681,0.016301815,0.016285716,0.02108844,0.020857125,0.019294978,0.019153065,0.00206125,0.002122461,0.002204107,0.002244881,0.02108844,0.020857125,0.019294978,0.019153065,0.00206125,0.002122461,0.002204107,0.002244881,,,,,,,,,,,,,,,,,,,,,,,,,,,,,,,,,,,,,,,,,,,,,,,,,,,,,,,,,,,,,,,,,,,,,,,,,,,,,,,,,,,,
M50LT_1-3_100cyc,0.023409092,0.022552063,0.022563158,0.022281259,0.002312561,0.002249976,0.000395874,0.000520845,0.018181795,0.018364564,0.018118698,0.018218731,0.001874963,0.001875063,0.001812478,0.001874963,0.018181795,0.018364564,0.018118698,0.018218731,0.001874963,0.001875063,0.001812478,0.001874963,0.018181795,0.018364564,0.018118698,0.018218731,0.001874963,0.001875063,0.001812478,0.001874963,0.018181795,0.018364564,0.018118698,0.018218731,0.001874963,0.001875063,0.001812478,0.001874963,0.017285377,0.017270843,0.017247477,0.017250006,0.01726009,0.01722917,0.017196964,0.017208358,0.017285377,0.017270843,0.017247477,0.017250006,0.01726009,0.01722917,0.017196964,0.017208358,0.017285377,0.017270843,0.017247477,0.017250006,0.01726009,0.01722917,0.017196964,0.017208358,0.017285377,0.017270843,0.017247477,0.017250006,0.01726009,0.01722917,0.017196964,0.017208358,0.018800509,0.01861458,0.019090916,0.019052078,0.018522745,0.018489584,0.018295435,0.018239593,0.018800509,0.01861458,0.019090916,0.019052078,0.018522745,0.018489584,0.018295435,0.018239593,0.018800509,0.01861458,0.019090916,0.019052078,0.018522745,0.018489584,0.018295435,0.018239593,0.018800509,0.01861458,0.019090916,0.019052078,0.018522745,0.018489584,0.018295435,0.018239593,0.018800509,0.01861458,0.019090916,0.019052078,0.018522745,0.018489584,0.018295435,0.018239593,0.018800509,0.01861458,0.019090916,0.019052078,0.018522745,0.018489584,0.018295435,0.018239593,0.018800509,0.01861458,0.019090916,0.019052078,0.018522745,0.018489584,0.018295435,0.018239593,0.018800509,0.01861458,0.019090916,0.019052078,0.018522745,0.018489584,0.018295435,0.018239593,0.018800509,0.01861458,0.019090916,0.019052078,0.018522745,0.018489584,0.018295435,0.018239593,0.020214644,0.019437497,0.021098479,0.020708342,0.019267683,0.019333338,0.018964633,0.018854166,0.020972225,0.020614589,0.019267653,0.019458334,0.001979172,0.002104193,0.00218749,0.002312511,0.020972225,0.020614589,0.019267653,0.019458334,0.001979172,0.002104193,0.00218749,0.002312511,0.022941649,0.022058328,0.002374947,0.000624955,0.018466651,0.01834166,0.001854102,0.001874963,0.018466651,0.01834166,0.001854102,0.001874963,0.018466651,0.01834166,0.001854102,0.001874963,0.018466651,0.01834166,0.001854102,0.001874963,0.017216663,0.017233332,0.017241657,0.017199993,0.017216663,0.017233332,0.017241657,0.017199993,0.017216663,0.017233332,0.017241657,0.017199993,0.017216663,0.017233332,0.017241657,0.017199993,0.018641651,0.019149999,0.018383344,0.018091679,0.018641651,0.019149999,0.018383344,0.018091679,0.018641651,0.019149999,0.018383344,0.018091679,0.018641651,0.019149999,0.018383344,0.018091679,0.018641651,0.019149999,0.018383344,0.018091679,0.018641651,0.019149999,0.018383344,0.018091679,0.018641651,0.019149999,0.018383344,0.018091679,0.018641651,0.019149999,0.018383344,0.018091679,0.018641651,0.019149999,0.018383344,0.018091679,0.019625008,0.020908316,0.019316673,0.018699984,0.020608346,0.019358317,0.002125005,0.002312511,0.020608346,0.019358317,0.002125005,0.002312511
M50LT_1-3_200cyc,0.023998395,0.024750009,9.18E-05,0.02380915,0.002485216,0.002403657,0.000430743,1.99E-07,0.021942727,0.022490149,8.41E-05,0.021952266,0.002245307,0.002200107,1.46E-05,0.002407928,0.020913915,0.020776664,0.020731429,9.48E-05,0.002163549,0.002140899,0.002208054,0.002235373,0.020170874,0.020221273,0.020088,0.000102917,0.002086262,0.002092818,0.002062619,0.002127091,0.01971532,0.019687787,7.17E-05,0.019757127,0.002033412,0.00201871,0.001997848,0.002022684,0.019386682,0.019315034,0.019339389,8.12E-05,0.019343634,0.019358123,0.019341165,0.019267698,0.018885912,0.018840979,0.018843617,0.018761009,0.018833201,0.018724129,0.018777962,0.018753583,0.018608811,0.018565431,7.16E-05,0.018506,0.018586294,0.018490156,6.98E-05,0.01846917,0.018442159,0.018313651,0.018411995,0.018340771,0.018414975,0.018357908,0.018300583,0.018289983,0.018348628,0.018219153,0.018323762,0.018229336,0.018368285,0.018272872,9.50E-05,0.018200005,0.018198954,0.018182223,0.018158585,0.018142511,0.018192,0.018218507,0.018053825,7.99E-05,0.01813679,0.018118694,0.018122943,0.0181141,0.018143865,0.018161858,0.017984407,0.018048013,0.018156809,0.018142462,0.018158645,0.0181518,0.018155334,0.018188457,0.01800265,0.018053328,0.01826482,0.01819104,0.018284929,0.018238698,0.01823869,0.018219103,0.01808709,0.018131311,0.018444898,0.018340697,0.018492732,0.018431346,0.018390471,0.018385227,0.018222525,0.01824821,0.01874533,0.018593396,0.018834556,0.01874206,0.018638493,0.018636982,9.59E-05,0.018463011,0.019241794,0.019011572,0.019380149,9.15E-05,0.019037121,0.019004519,0.018850752,0.018821284,0.019923575,0.019649466,0.020301011,0.020327667,0.019507426,0.019561624,0.019319672,7.76E-05,0.020787451,0.020459046,0.021235871,0.021342114,0.020119819,0.019812385,0.01975596,0.019446065,0.020255163,0.020167033,0.019719775,7.81E-05,0.002009769,0.002091378,0.002142737,0.002242128,0.021223649,0.020548552,0.019500442,0.019539644,0.002011905,0.002101809,0.002184759,0.002200206,0.023368637,0.022808731,0.002439519,7.95E-07,0.022614658,0.022325794,0.002334913,0.002434353,0.021374683,0.021355569,0.002221068,0.002262592,0.020754119,0.020409326,0.002090633,0.002120435,0.020068109,0.019991179,0.002057254,1.59E-06,0.019226352,0.019230763,0.019229114,0.016799966,0.018729687,0.018755217,0.018740257,0.018728455,0.01847138,0.018519322,0.018475076,0.018464784,0.018346032,0.018339992,0.018347204,0.018305759,0.018261115,9.14E-05,0.018308679,7.15E-05,0.018218001,0.018155058,0.018160462,0.018085301,0.018082023,0.018100878,0.018088321,7.42E-05,0.018090506,0.018141131,0.018103937,0.018017153,0.018243452,8.31E-05,0.018167198,0.018068055,0.018393854,0.018466512,0.018321772,0.018190285,0.018655022,0.018793066,0.018534601,7.65E-05,0.019095103,0.019244075,0.018823028,0.018668671,0.019361615,0.020190458,0.019313077,7.75E-05,0.019948522,0.000249902,0.019829134,0.019316733,0.020207862,5.68E-05,0.002053628,0.002245754,0.020720184,0.000144819,0.002140701,0.002252509
M50LT_1-3_300cyc,0.025140878,0.025982981,0.024459308,0.023651371,0.002594392,0.00252068,0.000417431,0.000551343,0.023286391,0.023409327,0.022944116,0.023293421,0.002409915,0.00241528,0.002467434,0.002560914,0.022551146,0.02259704,0.021930235,0.022524074,0.002267957,0.002349019,0.002348721,0.002407432,0.021533743,0.021344547,0.021479136,0.021651139,0.002235522,0.002203683,0.001176894,0.002320508,0.021312243,0.02112021,0.021356133,0.021425808,0.002175371,0.002179941,0.002182921,0.002192656,0.021207423,0.021066119,0.021254956,0.021228219,0.021106336,0.020781582,0.021321454,0.021101112,0.020560803,0.020371452,0.020624291,0.020664111,0.020362181,0.020280456,0.020618782,0.020526449,0.020219009,0.020117561,0.020292883,0.020339191,0.020106904,0.020286143,0.020241165,0.020166958,0.020179062,0.019817849,0.011827759,0.020066227,0.019850153,0.0200287,0.019946213,0.020084605,0.019960753,0.019882545,0.019987183,0.019990106,0.019907108,0.01962165,0.019909246,0.019796292,0.019876644,0.019520298,0.019860719,0.019720718,0.019824956,0.019661039,0.019632024,0.019727449,0.019685277,0.01961266,0.019721461,0.011710251,0.019610289,0.01943926,0.019599362,0.019513791,0.01976493,0.019447406,0.019661164,0.019680584,0.01947648,0.019594481,0.019509503,0.019578015,0.019730914,0.019645939,0.019825167,0.019803767,0.019620404,0.019696876,0.019591595,0.011814112,0.02005016,0.019635409,0.01088712,0.019951885,0.019690786,0.019760206,0.019659237,0.019744262,0.02031525,0.019755016,0.020489669,0.020180096,0.020081497,0.019802004,0.010937452,0.019840772,0.020841276,0.020321384,0.020788866,0.020862048,0.020132552,0.020308668,0.020230178,0.011780659,0.020948263,0.020547981,0.021352009,0.021423077,0.020360495,0.020634457,0.020424706,0.020415063,0.021757381,0.020464237,0.021802325,0.020985454,0.020930502,0.020434111,0.020564776,0.020231406,0.020771737,0.020993327,0.010618808,0.020237416,0.002004504,0.002163301,0.002223303,0.002251863,0.021592355,0.02092801,0.010260277,0.019915402,0.00195692,0.002156943,0.002231399,0.002251615,0.025624514,0.023859461,0.00265191,0.000249247,0.023929656,0.016646763,0.002339979,0.002632737,0.022868494,0.022550742,0.002236168,0.002455115,0.022312303,0.021718224,0.002225935,0.002314647,0.021314144,0.021512787,0.002218982,0.002278586,0.020748556,0.020998279,0.020898183,0.017423987,0.020256261,0.020540535,0.020425995,0.020578305,0.019877275,0.020161629,0.020007114,0.020181696,0.019945621,0.01101623,0.019767543,0.019919654,0.019653757,0.019869804,0.019769788,0.019874195,0.019710263,0.01980267,0.019777775,0.019630154,0.019461493,0.019641856,0.01957804,0.019576848,0.019602636,0.019726972,0.019634604,0.019445082,0.019477963,0.019728959,0.019541045,0.019546747,0.0198192,0.019843678,0.019558668,0.019582291,0.019864321,0.020234307,0.019922853,0.019838552,0.019978265,0.020575305,0.020064016,0.019974589,0.020731628,0.010889788,0.020170391,0.020054499,0.020733555,0.021311303,0.020674646,0.020100772,0.021199087,0.020293335,0.002209495,0.002304266,0.021073778,0.01999253,0.002196034,0.00230064
M50LT_1-3_400cyc,0.024563556,0.02450563,0.024350003,0.02385065,0.004554292,0.002536376,0.000420213,6.95E-07,0.023811273,0.02272966,0.000101509,0.022993137,0.002447764,0.002397994,0.002581378,0.002609094,0.023008898,0.022271872,0.022959679,0.022647083,0.002396653,0.00230511,0.002363622,0.002465347,0.022639289,0.021944046,0.022542717,0.022335922,0.002316485,0.002267907,0.002365261,0.002410213,0.022524836,0.022590185,8.52E-05,0.022191082,0.002278437,0.002236863,1.07E-05,0.002382348,0.022419384,0.022128075,8.65E-05,0.022431612,0.02196389,0.021455934,0.00010488,0.022014206,0.021906122,0.021635145,8.53E-05,0.021503468,0.021560836,0.021264131,0.022145112,9.19E-05,0.021560987,0.021257326,0.021612072,0.021710371,0.021205286,0.020810689,0.021791548,8.52E-05,0.021612554,0.020658995,0.021575135,0.02118359,0.02142781,0.020897314,0.021284307,0.021389425,0.021420314,0.020712614,0.021430188,9.92E-05,0.020629589,0.020900394,0.021093723,9.03E-05,0.021265161,0.020519222,0.021308661,0.020902306,0.020520133,0.020648986,0.020931044,9.96E-05,0.02114243,0.020376866,0.021226719,0.020870641,0.020456916,0.020621295,0.020875714,9.05E-05,0.021220909,0.020468955,0.020916655,0.020905336,0.020489578,0.020632322,9.98E-05,0.020993029,0.021312965,0.020512616,0.02142224,0.02097634,0.020453816,0.020658523,9.36E-05,0.021012252,0.021453548,0.020488302,0.021604306,0.021080896,0.020608426,0.020742143,0.020937757,0.021046177,0.02168709,0.020675311,0.021318685,0.000107164,0.020618541,0.020773535,9.30E-05,0.021104589,0.021905098,0.020813023,0.022009888,0.021395981,0.02139301,0.020867238,0.021067804,8.28E-05,0.021996221,0.020739039,0.022045621,0.000181372,0.02153576,0.020914425,0.020975928,0.021026457,0.02194339,0.020772119,0.021842273,0.021094282,0.020558094,0.020730024,9.43E-05,0.020721778,0.020662793,0.020827105,0.020355679,0.020487309,0.001989206,0.002137125,0.002213369,0.002216101,0.021027495,0.021129002,0.000362354,0.02030164,0.001979967,0.002161463,2.53E-06,0.002263685,0.026042124,0.024158756,0.002513925,0.00055035,0.024002612,0.023481588,0.002334317,0.002608995,0.02339975,0.022998313,0.002424618,0.002507667,0.02270031,0.022678773,0.002354681,0.002422929,0.02245148,0.022591929,0.002355973,0.002382894,0.021576663,0.021840334,0.021749477,0.016940832,0.021150788,0.021486243,0.021329443,0.020342509,0.020995935,0.021359603,0.021338721,0.021673163,0.020920316,9.67E-05,0.021182398,7.91E-05,0.021019836,0.021191537,0.021130761,0.021413902,0.020571748,0.020982683,0.020850162,8.65E-05,0.020688514,9.40E-05,0.020959477,0.021122098,0.020675679,0.021048288,0.020959338,0.021084011,0.020732919,0.021142741,0.020991027,0.021091084,0.020727118,0.021203498,0.020921012,0.021127204,0.02082022,0.021355987,0.021066527,0.02115641,0.020942032,0.021465381,0.021166623,0.021169702,0.021112343,0.000189841,0.021262646,0.020697673,0.021020989,0.021381795,0.021064003,0.020660877,0.02097104,0.020552059,0.002158086,0.002237906,0.021095832,0.020360251,0.002184212,2.27E-05
M50LT_1-3_initial,0.018446975,0.018479178,0.018093441,0.018083329,0.001875063,0.001874963,0.000354151,0.000499984,0.016464639,0.016499981,0.016414156,0.01642709,0.001708368,0.001666745,0.001625021,0.001645784,0.016464639,0.016499981,0.016414156,0.01642709,0.001708368,0.001666745,0.001625021,0.001645784,0.016464639,0.016499981,0.016414156,0.01642709,0.001708368,0.001666745,0.001625021,0.001645784,0.016464639,0.016499981,0.016414156,0.01642709,0.001708368,0.001666745,0.001625021,0.001645784,0.015883825,0.015906245,0.015871212,0.015916675,0.015921695,0.015864596,0.015858598,0.015864596,0.015883825,0.015906245,0.015871212,0.015916675,0.015921695,0.015864596,0.015858598,0.015864596,0.015883825,0.015906245,0.015871212,0.015916675,0.015921695,0.015864596,0.015858598,0.015864596,0.015883825,0.015906245,0.015871212,0.015916675,0.015921695,0.015864596,0.015858598,0.015864596,0.016527796,0.016447927,0.016679306,0.016656245,0.016464639,0.016520843,0.016275229,0.016270826,0.016527796,0.016447927,0.016679306,0.016656245,0.016464639,0.016520843,0.016275229,0.016270826,0.016527796,0.016447927,0.016679306,0.016656245,0.016464639,0.016520843,0.016275229,0.016270826,0.016527796,0.016447927,0.016679306,0.016656245,0.016464639,0.016520843,0.016275229,0.016270826,0.016527796,0.016447927,0.016679306,0.016656245,0.016464639,0.016520843,0.016275229,0.016270826,0.016527796,0.016447927,0.016679306,0.016656245,0.016464639,0.016520843,0.016275229,0.016270826,0.016527796,0.016447927,0.016679306,0.016656245,0.016464639,0.016520843,0.016275229,0.016270826,0.016527796,0.016447927,0.016679306,0.016656245,0.016464639,0.016520843,0.016275229,0.016270826,0.016527796,0.016447927,0.016679306,0.016656245,0.016464639,0.016520843,0.016275229,0.016270826,0.017361117,0.017156253,0.017727264,0.01769791,0.017171707,0.017135416,0.016742433,0.016697894,0.019797984,0.019906238,0.018270208,0.018302078,0.001895825,0.002041658,0.002083331,0.002125005,0.019797984,0.019906238,0.018270208,0.018302078,0.001895825,0.002041658,0.002083331,0.002125005,0.018466671,0.017975012,0.001895825,0.000583331,0.016558309,0.016483327,0.001708368,0.001666745,0.016558309,0.016483327,0.001708368,0.001666745,0.016558309,0.016483327,0.001708368,0.001666745,0.016558309,0.016483327,0.001708368,0.001666745,0.015883346,0.015866657,0.015891671,0.015858312,0.015883346,0.015866657,0.015891671,0.015858312,0.015883346,0.015866657,0.015891671,0.015858312,0.015883346,0.015866657,0.015891671,0.015858312,0.016466677,0.016733329,0.016475002,0.016258319,0.016466677,0.016733329,0.016475002,0.016258319,0.016466677,0.016733329,0.016475002,0.016258319,0.016466677,0.016733329,0.016475002,0.016258319,0.016466677,0.016733329,0.016475002,0.016258319,0.016466677,0.016733329,0.016475002,0.016258319,0.016466677,0.016733329,0.016475002,0.016258319,0.016466677,0.016733329,0.016475002,0.016258319,0.016466677,0.016733329,0.016475002,0.016258319,0.017208318,0.017858346,0.017124991,0.016633332,0.019908329,0.018083334,0.002041707,0.002229164,0.019908329,0.018083334,0.002041707,0.002229164
M50LT_1-4_100cyc,0.022866148,0.022510414,0.022626254,0.0221771,0.002333323,0.002312462,0.000416636,0.000520845,0.017916705,0.01804168,0.017828291,0.017989601,0.001854201,0.00183334,0.001812478,0.001854201,0.017916705,0.01804168,0.017828291,0.017989601,0.001854201,0.00183334,0.001812478,0.001854201,0.017916705,0.01804168,0.017828291,0.017989601,0.001854201,0.00183334,0.001812478,0.001854201,0.017916705,0.01804168,0.017828291,0.017989601,0.001854201,0.00183334,0.001812478,0.001854201,0.01695707,0.016895831,0.016944457,0.016916667,0.0169571,0.016916667,0.01688133,0.016895855,0.01695707,0.016895831,0.016944457,0.016916667,0.0169571,0.016916667,0.01688133,0.016895855,0.01695707,0.016895831,0.016944457,0.016916667,0.0169571,0.016916667,0.01688133,0.016895855,0.01695707,0.016895831,0.016944457,0.016916667,0.0169571,0.016916667,0.01688133,0.016895855,0.018396462,0.018197919,0.018674226,0.018635417,0.018131311,0.018125003,0.017916675,0.01786458,0.018396462,0.018197919,0.018674226,0.018635417,0.018131311,0.018125003,0.017916675,0.01786458,0.018396462,0.018197919,0.018674226,0.018635417,0.018131311,0.018125003,0.017916675,0.01786458,0.018396462,0.018197919,0.018674226,0.018635417,0.018131311,0.018125003,0.017916675,0.01786458,0.018396462,0.018197919,0.018674226,0.018635417,0.018131311,0.018125003,0.017916675,0.01786458,0.018396462,0.018197919,0.018674226,0.018635417,0.018131311,0.018125003,0.017916675,0.01786458,0.018396462,0.018197919,0.018674226,0.018635417,0.018131311,0.018125003,0.017916675,0.01786458,0.018396462,0.018197919,0.018674226,0.018635417,0.018131311,0.018125003,0.017916675,0.01786458,0.018396462,0.018197919,0.018674226,0.018635417,0.018131311,0.018125003,0.017916675,0.01786458,0.019797954,0.019218748,0.020643948,0.020406246,0.018977276,0.018989568,0.018623712,0.018541664,0.020328285,0.020604158,0.01914143,0.019427091,0.001979172,0.002020846,0.002208302,0.002249976,0.020328285,0.020604158,0.01914143,0.019427091,0.001979172,0.002020846,0.002208302,0.002249976,0.022433341,0.021683355,0.002291699,0.000624955,0.018158356,0.018050015,0.00183334,0.001812478,0.018158356,0.018050015,0.00183334,0.001812478,0.018158356,0.018050015,0.00183334,0.001812478,0.018158356,0.018050015,0.00183334,0.001812478,0.016908348,0.016924997,0.016924997,0.016916692,0.016908348,0.016924997,0.016924997,0.016916692,0.016908348,0.016924997,0.016924997,0.016916692,0.016908348,0.016924997,0.016924997,0.016916692,0.018233339,0.018724998,0.018108348,0.017816663,0.018233339,0.018724998,0.018108348,0.017816663,0.018233339,0.018724998,0.018108348,0.017816663,0.018233339,0.018724998,0.018108348,0.017816663,0.018233339,0.018724998,0.018108348,0.017816663,0.018233339,0.018724998,0.018108348,0.017816663,0.018233339,0.018724998,0.018108348,0.017816663,0.018233339,0.018724998,0.018108348,0.017816663,0.018233339,0.018724998,0.018108348,0.017816663,0.019308348,0.020641665,0.019058327,0.018283347,0.020833333,0.019324998,0.002145867,0.002291699,0.020833333,0.019324998,0.002145867,0.002291699
M50LT_1-4_200cyc,0.023123532,0.023795093,0.02328624,0.023249264,0.002371967,0.002464751,9.93E-08,0.000533263,0.022174192,0.022088066,8.47E-05,0.022101303,0.002211134,0.002287428,0.002340476,0.00239859,0.020564837,0.020945842,0.020403212,9.41E-05,0.002113481,0.002160966,0.002159675,0.002212425,0.019857649,0.020254726,0.019754003,0.019984444,0.00204881,0.002048214,0.002026657,0.002089143,0.019418651,0.019446611,0.019332104,0.019442141,0.001986076,0.002007484,0.001949668,0.002003809,0.019108466,0.019041499,0.019056478,0.019025281,0.019034472,0.018942381,8.21E-05,7.81E-05,0.018586444,0.018511588,0.018542252,0.018516704,0.018526659,0.018541912,0.018470697,0.018463557,0.018301275,0.018223152,0.018278607,0.01824677,0.018261027,0.018266315,6.95E-05,0.018239021,0.018139349,0.018081417,0.018112075,0.01808852,0.018099282,0.018125003,0.018019387,0.018064578,0.018040791,0.018005446,0.018015113,8.81E-05,0.018029923,0.018037359,0.01790656,7.24E-05,0.01794145,0.017891104,0.01782811,0.017885392,0.017928355,0.017934715,0.017800415,0.017855416,0.017848761,0.017818784,0.017847076,0.017829662,0.017843403,0.017854646,0.017709624,0.017758707,0.017850748,0.01781933,7.53E-05,0.017843346,0.017840664,0.017871434,0.017715494,0.017754907,0.017956471,0.01788497,0.01796475,8.69E-05,0.017922244,0.017839844,0.017788856,0.017752896,0.018110059,0.018023973,0.018137031,0.018030057,0.018072881,0.017955651,0.017896475,0.017860532,0.018419882,0.018185501,7.85E-05,0.018309876,0.018335141,0.018213764,8.92E-05,0.018060903,0.018875527,0.01855957,0.019041336,0.018847014,0.018594,0.018555919,0.018411393,0.01839002,0.019649966,0.019144391,0.01978221,0.019988889,0.019022551,0.019051184,7.53E-05,0.018827294,0.020649548,0.019707903,0.021299509,0.020714228,0.019565435,0.019680311,6.56E-05,0.019249419,0.020500114,0.020271763,0.019350618,0.019581194,0.001943459,0.002067437,0.00217701,0.002185454,0.020909641,0.020382653,0.019364044,0.019372851,0.001963476,0.002087603,0.002180686,7.10E-06,0.023928146,7.34E-05,0.00249813,0.000615021,0.02219977,0.022016346,0.002279282,0.002397299,0.021134595,0.021084785,0.002181133,1.69E-06,0.020365814,0.020299097,0.002094607,0.002116064,0.019736946,0.00010101,0.002040466,5.07E-06,0.018924574,0.018879493,0.018923243,0.016728222,0.018425047,7.58E-05,0.018428286,0.01843063,0.018278579,6.61E-05,0.018197079,0.018181344,0.018109421,7.44E-05,0.018039902,0.0180252,0.01803877,0.017975231,0.017974377,0.017923852,0.017954449,0.017878234,0.01786983,0.017824173,0.017871777,0.017821352,0.017802934,0.017741084,0.017786721,0.017825723,0.017798086,0.017735044,0.017857432,0.017902732,0.017860274,7.34E-05,0.017987748,0.018063744,0.017984529,0.017870724,0.018204848,0.018350065,0.018215636,0.018070181,0.018598298,0.018907269,0.018583635,0.018294811,0.01920557,0.01990219,0.019096414,0.018778761,0.019928734,0.020888289,0.019736628,0.01905189,0.020513038,0.019585907,0.002112935,5.81E-06,0.021222591,0.019345264,0.002096941,0.002287328
M50LT_1-4_300cyc,0.02579379,0.025505175,0.012045406,0.024338464,0.002656678,0.002668599,0.000435412,0.000498295,0.023634325,0.022766615,0.010754635,0.022888159,0.002429485,0.002370874,0.001646777,0.002550383,0.022414658,0.022609408,0.016475055,0.016317914,0.002390146,0.002246996,0.002341668,0.001768768,0.02169889,0.021763891,0.010664084,0.016237348,0.00224635,0.002243022,0.002248784,0.002300938,0.021331268,0.021366527,0.021295836,0.02142027,0.002195587,0.002198319,0.002161215,0.002217193,0.021133128,0.020948251,0.021099713,0.020830482,0.021012534,0.020717879,0.0163395,0.021011829,0.020471667,0.020020877,0.010866228,0.020325656,0.020391953,0.020237168,0.016216467,0.020387198,0.020169369,0.019812584,0.016125585,0.020027831,0.019807978,0.019959485,0.019966954,0.020028328,0.019958676,0.019630268,0.016227064,0.019824828,0.019621036,0.019814645,0.01972986,0.01075382,0.019829382,0.019579679,0.019695151,0.019714311,0.019585063,0.019693524,0.019606225,0.01604865,1.83E-05,0.019463872,0.01954644,0.010719895,0.019512032,0.019581492,0.019480183,0.019428084,0.019411728,0.019372577,0.019448544,0.019463152,0.019321448,0.019420261,0.019321237,0.016026869,0.019427833,0.019345134,0.01948521,0.010641962,0.019395833,0.019447034,0.019326896,0.019266928,2.22E-05,0.019432604,0.019636269,0.016017556,0.019444089,0.01951461,0.019388518,0.019324993,0.019857408,0.019513518,0.019779741,0.01975658,0.019512754,0.019594481,0.019484638,0.019514759,0.020059281,0.01989089,0.020231894,0.019971853,0.019898439,0.019666776,0.016051802,0.019650708,0.020428468,0.020203963,0.020720351,0.017112742,0.020152722,0.019933159,0.020078758,0.019891461,0.020913915,0.020714998,0.021341834,0.016026,0.020496111,0.020150393,0.020383645,0.020124465,0.021220939,0.020982126,0.021382052,0.011019434,0.020544999,0.020809447,0.020322113,0.020001133,0.020695455,0.02078938,0.020060575,0.020106932,0.00204131,0.002127588,0.002202541,0.002225588,0.02172207,0.021068777,0.010912015,0.019903084,0.002001425,0.002150387,0.002260307,0.002279431,0.025162518,0.023857236,0.002667407,0.000583033,0.023905337,0.016519209,0.002457698,0.002567569,0.022137602,0.022246679,0.002321303,0.002424618,0.022113184,0.016488572,0.002286335,0.002306302,0.021530767,0.021528741,0.002227823,0.001776814,0.020821989,0.020875931,0.020838439,0.013482809,0.020241698,0.011619369,0.020302296,0.020229042,0.019951761,0.016217589,0.020000676,0.019924064,0.019790669,0.01706024,0.019612511,0.019727866,0.019437412,0.019626915,0.01960816,0.019637009,0.019347827,0.019497097,0.019467215,0.019491692,0.019405862,0.019382437,0.019272268,0.01932766,0.019236704,0.019410849,0.019334038,0.019308428,0.019338151,0.019524415,0.019400954,0.019363602,0.019571404,0.016051312,0.019394497,0.019410352,0.01973623,0.020067255,0.019807716,0.016117156,0.020023743,0.020586054,0.020109216,0.019860466,0.020477414,0.02122128,0.020456413,0.01598678,0.020511786,0.021163424,0.020478149,0.019943198,0.020816207,0.02012382,0.00214989,0.002266616,0.021384835,0.020004789,0.002200653,0.002330095
M50LT_1-4_400cyc,0.024046741,0.024857074,0.023925395,0.024156943,0.002519488,0.002568066,0.000389318,0.000471671,0.023811694,0.022888308,0.023543985,0.023023014,0.002436141,0.002367,0.002456605,0.002585053,0.02279104,0.02206487,0.022763315,0.022473782,0.002328207,0.00227799,0.002313554,0.002441704,0.022567914,0.021738037,0.022500061,0.022225877,0.002292643,0.002239297,0.002266963,0.002390444,0.022200653,0.022347892,0.022196198,0.021896238,0.002230157,0.002196431,0.002306898,0.002337943,0.022121421,0.021611154,0.022077711,0.022070309,0.021613608,0.021796351,0.022345571,0.022261466,0.021333104,0.02093335,0.021489702,0.021469494,0.020957535,0.021125029,0.021629622,0.021733344,0.021519414,0.020675411,0.021105884,0.021171222,0.020691331,0.020945172,0.021293007,0.02145273,0.020831884,0.020508667,0.020972888,0.020954957,0.020516972,0.020686761,0.021072259,0.021190916,0.021111664,0.020300448,0.020769088,0.020832842,0.020291558,0.020557617,0.020852053,0.021022335,0.020879417,0.020177936,0.020968703,0.020642678,0.02062128,0.020256688,0.02062402,0.020794968,0.020795218,0.02011771,0.020919123,0.020589679,0.019947628,0.020271167,0.020564716,0.020641163,0.020718845,0.020392214,0.020835014,0.020852908,0.020366004,0.020114308,0.020797355,0.020557716,0.020617457,0.020315374,0.020820655,0.020798196,0.020338008,0.020461554,0.020697382,0.020807087,0.020691271,0.020231754,0.020937275,0.020828371,0.020336322,0.020389209,0.020727515,0.020772343,0.021249447,0.020343264,0.021499546,0.021014189,0.020273858,0.020556077,0.020759846,0.020844713,0.02157637,0.02055948,0.021259201,0.021208127,0.020454719,0.020568793,0.020911417,0.020904789,0.021599429,0.020193805,0.021741998,0.021139507,0.020963104,0.020512144,0.021138727,0.020731439,0.021345477,0.020757541,0.021318294,0.021363224,0.020621913,0.020751134,0.020653973,0.020748948,0.019711045,0.020609821,0.019984203,0.020421768,0.001978079,0.001182059,0.002172093,0.002200802,0.020421394,0.020761242,0.019653217,0.020138298,0.001919965,0.002115866,0.002223204,0.00221312,0.023942967,0.023502131,0.002516607,0.000555714,0.023805002,0.022548755,0.002328555,0.002604524,0.022917668,0.02292637,0.002261301,0.002491772,0.022628109,0.022670805,0.002249082,0.002408127,0.022108873,0.022417168,0.002183169,0.00235796,0.020881553,0.021566391,0.021288117,0.016693314,0.021106561,0.021512012,0.021358569,0.020047506,0.020910879,0.021281282,0.020540138,0.021143834,0.020652095,0.021050096,0.020201623,0.020955066,0.020538171,0.020902654,0.020700018,0.021110634,0.020180861,0.020685792,0.020498315,0.020900488,0.020120958,0.0206303,0.020333588,0.020725131,0.020050704,0.020555596,0.020190259,0.020603061,0.020449062,0.020543138,0.020078162,0.020569086,0.020379047,0.020892779,0.020560543,0.020819565,0.020548205,0.021113316,0.020664275,0.020904541,0.020608902,0.021265745,0.020646354,0.020858427,0.020502746,0.021135827,0.020540297,0.020661831,0.020307402,0.020855308,0.020201822,0.020261625,0.020758649,0.02042679,0.002128879,0.002314548,0.020884593,0.020225445,0.002126743,0.002234032
M50LT_1-4_initial,0.018181825,0.018177132,0.017840935,0.017791664,0.001854201,0.00183334,0.000375013,0.00045836,0.016275259,0.016291638,0.016212132,0.016249989,0.001666745,0.001687507,0.001625021,0.001624922,0.016275259,0.016291638,0.016212132,0.016249989,0.001666745,0.001687507,0.001625021,0.001624922,0.016275259,0.016291638,0.016212132,0.016249989,0.001666745,0.001687507,0.001625021,0.001624922,0.016275259,0.016291638,0.016212132,0.016249989,0.001666745,0.001687507,0.001625021,0.001624922,0.015719671,0.015656253,0.015694445,0.015677065,0.015757572,0.015677065,0.015631318,0.015645822,0.015719671,0.015656253,0.015694445,0.015677065,0.015757572,0.015677065,0.015631318,0.015645822,0.015719671,0.015656253,0.015694445,0.015677065,0.015757572,0.015677065,0.015631318,0.015645822,0.015719671,0.015656253,0.015694445,0.015677065,0.015757572,0.015677065,0.015631318,0.015645822,0.016237359,0.016166667,0.016363642,0.016364579,0.016199489,0.016177098,0.016010109,0.015979161,0.016237359,0.016166667,0.016363642,0.016364579,0.016199489,0.016177098,0.016010109,0.015979161,0.016237359,0.016166667,0.016363642,0.016364579,0.016199489,0.016177098,0.016010109,0.015979161,0.016237359,0.016166667,0.016363642,0.016364579,0.016199489,0.016177098,0.016010109,0.015979161,0.016237359,0.016166667,0.016363642,0.016364579,0.016199489,0.016177098,0.016010109,0.015979161,0.016237359,0.016166667,0.016363642,0.016364579,0.016199489,0.016177098,0.016010109,0.015979161,0.016237359,0.016166667,0.016363642,0.016364579,0.016199489,0.016177098,0.016010109,0.015979161,0.016237359,0.016166667,0.016363642,0.016364579,0.016199489,0.016177098,0.016010109,0.015979161,0.016237359,0.016166667,0.016363642,0.016364579,0.016199489,0.016177098,0.016010109,0.015979161,0.017020227,0.016750023,0.017209607,0.017187496,0.016717146,0.016729161,0.016401512,0.016364579,0.01974747,0.019729162,0.018093441,0.018114597,0.001874963,0.001937499,0.002062519,0.002083331,0.01974747,0.019729162,0.018093441,0.018114597,0.001874963,0.001937499,0.002062519,0.002083331,0.018100003,0.017675022,0.001854201,0.000562469,0.016358316,0.016299983,0.001687507,0.001645883,0.016358316,0.016299983,0.001687507,0.001645883,0.016358316,0.016299983,0.001687507,0.001645883,0.016358316,0.016299983,0.001687507,0.001645883,0.015666664,0.015691658,0.015691678,0.015691658,0.015666664,0.015691658,0.015691678,0.015691658,0.015666664,0.015691658,0.015691678,0.015691658,0.015666664,0.015691658,0.015691678,0.015691658,0.016141673,0.016408324,0.016149998,0.015983323,0.016141673,0.016408324,0.016149998,0.015983323,0.016141673,0.016408324,0.016149998,0.015983323,0.016141673,0.016408324,0.016149998,0.015983323,0.016141673,0.016408324,0.016149998,0.015983323,0.016141673,0.016408324,0.016149998,0.015983323,0.016141673,0.016408324,0.016149998,0.015983323,0.016141673,0.016408324,0.016149998,0.015983323,0.016141673,0.016408324,0.016149998,0.015983323,0.016766667,0.017341673,0.016749998,0.016266684,0.019850016,0.018025001,0.001958311,0.002125005,0.019850016,0.018025001,0.001958311,0.002125005
M50LT_4-3_100cyc,0.023042975,0.022999992,0.022891405,0.022552088,0.002354185,0.002375046,0.000416736,0.000541707,0.018232338,0.018333321,0.018106055,0.018249998,0.001875063,0.001874963,0.001812577,0.001854201,0.018232338,0.018333321,0.018106055,0.018249998,0.001875063,0.001874963,0.001812577,0.001854201,0.018232338,0.018333321,0.018106055,0.018249998,0.001875063,0.001874963,0.001812577,0.001854201,0.018232338,0.018333321,0.018106055,0.018249998,0.001875063,0.001874963,0.001812577,0.001854201,0.01726009,0.017260437,0.017247477,0.017250006,0.01726012,0.017281249,0.01718432,0.017229145,0.01726009,0.017260437,0.017247477,0.017250006,0.01726012,0.017281249,0.01718432,0.017229145,0.01726009,0.017260437,0.017247477,0.017250006,0.01726012,0.017281249,0.01718432,0.017229145,0.01726009,0.017260437,0.017247477,0.017250006,0.01726012,0.017281249,0.01718432,0.017229145,0.018989889,0.018635417,0.019166656,0.019145831,0.018547972,0.018531258,0.018345948,0.018291647,0.018989889,0.018635417,0.019166656,0.019145831,0.018547972,0.018531258,0.018345948,0.018291647,0.018989889,0.018635417,0.019166656,0.019145831,0.018547972,0.018531258,0.018345948,0.018291647,0.018989889,0.018635417,0.019166656,0.019145831,0.018547972,0.018531258,0.018345948,0.018291647,0.018989889,0.018635417,0.019166656,0.019145831,0.018547972,0.018531258,0.018345948,0.018291647,0.018989889,0.018635417,0.019166656,0.019145831,0.018547972,0.018531258,0.018345948,0.018291647,0.018989889,0.018635417,0.019166656,0.019145831,0.018547972,0.018531258,0.018345948,0.018291647,0.018989889,0.018635417,0.019166656,0.019145831,0.018547972,0.018531258,0.018345948,0.018291647,0.018989889,0.018635417,0.019166656,0.019145831,0.018547972,0.018531258,0.018345948,0.018291647,0.020391411,0.019604166,0.020719688,0.020791665,0.01936868,0.01941666,0.019040403,0.018916676,0.020808102,0.020531267,0.01959596,0.01946874,0.002041658,0.002104193,0.002208352,0.00229165,0.020808102,0.020531267,0.01959596,0.01946874,0.002041658,0.002104193,0.002208352,0.00229165,0.022974988,0.022116681,0.002374947,0.000645916,0.01850001,0.018383324,0.001854201,0.001854102,0.01850001,0.018383324,0.001854201,0.001854102,0.01850001,0.018383324,0.001854201,0.001854102,0.01850001,0.018383324,0.001854201,0.001854102,0.017291665,0.017308335,0.017224987,0.017200013,0.017291665,0.017308335,0.017224987,0.017200013,0.017291665,0.017308335,0.017224987,0.017200013,0.017291665,0.017308335,0.017224987,0.017200013,0.018691659,0.019241671,0.018566668,0.018208345,0.018691659,0.019241671,0.018566668,0.018208345,0.018691659,0.019241671,0.018566668,0.018208345,0.018691659,0.019241671,0.018566668,0.018208345,0.018691659,0.019241671,0.018566668,0.018208345,0.018691659,0.019241671,0.018566668,0.018208345,0.018691659,0.019241671,0.018566668,0.018208345,0.018691659,0.019241671,0.018566668,0.018208345,0.018691659,0.019241671,0.018566668,0.018208345,0.01973333,0.021016677,0.01941667,0.018766661,0.021141668,0.019666672,0.002208302,0.002333373,0.021141668,0.019666672,0.002208302,0.002333373
M50LT_4-3_200cyc,0.024810584,0.02314585,0.024292927,0.023177092,0.002395809,0.00241667,0.000416636,0.000499984,0.020000007,0.02021874,0.020012621,0.020291656,0.002041658,0.002083282,0.002020895,0.00206242,0.020000007,0.02021874,0.020012621,0.020291656,0.002041658,0.002083282,0.002020895,0.00206242,0.020000007,0.02021874,0.020012621,0.020291656,0.002041658,0.002083282,0.002020895,0.00206242,0.020000007,0.02021874,0.020012621,0.020291656,0.002041658,0.002083282,0.002020895,0.00206242,0.018813122,0.018760413,0.018813122,0.018822898,0.018724739,0.018760413,0.018699512,0.018770819,0.018813122,0.018760413,0.018813122,0.018822898,0.018724739,0.018760413,0.018699512,0.018770819,0.018813122,0.018760413,0.018813122,0.018822898,0.018724739,0.018760413,0.018699512,0.018770819,0.018813122,0.018760413,0.018813122,0.018822898,0.018724739,0.018760413,0.018699512,0.018770819,0.020555565,0.019791673,0.021073222,0.020718748,0.020075778,0.019791673,0.019722214,0.019656246,0.020555565,0.019791673,0.021073222,0.020718748,0.020075778,0.019791673,0.019722214,0.019656246,0.020555565,0.019791673,0.021073222,0.020718748,0.020075778,0.019791673,0.019722214,0.019656246,0.020555565,0.019791673,0.021073222,0.020718748,0.020075778,0.019791673,0.019722214,0.019656246,0.020555565,0.019791673,0.021073222,0.020718748,0.020075778,0.019791673,0.019722214,0.019656246,0.020555565,0.019791673,0.021073222,0.020718748,0.020075778,0.019791673,0.019722214,0.019656246,0.020555565,0.019791673,0.021073222,0.020718748,0.020075778,0.019791673,0.019722214,0.019656246,0.020555565,0.019791673,0.021073222,0.020718748,0.020075778,0.019791673,0.019722214,0.019656246,0.020555565,0.019791673,0.021073222,0.020718748,0.020075778,0.019791673,0.019722214,0.019656246,0.021136379,0.020604158,0.021540396,0.021614606,0.020404055,0.020479163,0.020138904,0.020062501,0.021035352,0.020687506,0.019835854,0.019791673,0.002020846,0.002104143,0.00218749,0.002312462,0.021035352,0.020687506,0.019835854,0.019791673,0.002020846,0.002104143,0.00218749,0.002312462,0.023341676,0.02290835,0.002395809,0.000604093,0.020275017,0.020391663,0.002083282,0.002125005,0.020275017,0.020391663,0.002083282,0.002125005,0.020275017,0.020391663,0.002083282,0.002125005,0.020275017,0.020391663,0.002083282,0.002125005,0.01865832,0.018766661,0.01867499,0.018708348,0.01865832,0.018766661,0.01867499,0.018708348,0.01865832,0.018766661,0.01867499,0.018708348,0.01865832,0.018766661,0.01867499,0.018708348,0.019958337,0.02079165,0.019841671,0.019566675,0.019958337,0.02079165,0.019841671,0.019566675,0.019958337,0.02079165,0.019841671,0.019566675,0.019958337,0.02079165,0.019841671,0.019566675,0.019958337,0.02079165,0.019841671,0.019566675,0.019958337,0.02079165,0.019841671,0.019566675,0.019958337,0.02079165,0.019841671,0.019566675,0.019958337,0.02079165,0.019841671,0.019566675,0.019958337,0.02079165,0.019841671,0.019566675,0.020758331,0.02107501,0.019975007,0.019666652,0.021333317,0.020066679,0.002249976,0.002312511,0.021333317,0.020066679,0.002249976,0.002312511
M50LT_4-3_300cyc,0.024406567,0.024895842,0.024204543,0.024020821,0.00252078,0.00252078,0.000437498,0.000479122,0.021691936,0.021541665,0.02170455,0.022,0.00218754,0.002250026,0.002229164,0.002229114,0.021691936,0.021541665,0.02170455,0.022,0.00218754,0.002250026,0.002229164,0.002229114,0.021691936,0.021541665,0.02170455,0.022,0.00218754,0.002250026,0.002229164,0.002229114,0.021691936,0.021541665,0.02170455,0.022,0.00218754,0.002250026,0.002229164,0.002229114,0.020681818,0.02016666,0.020770202,0.020510405,0.019999977,0.020208309,0.020404025,0.020489593,0.020681818,0.02016666,0.020770202,0.020510405,0.019999977,0.020208309,0.020404025,0.020489593,0.020681818,0.02016666,0.020770202,0.020510405,0.019999977,0.020208309,0.020404025,0.020489593,0.020681818,0.02016666,0.020770202,0.020510405,0.019999977,0.020208309,0.020404025,0.020489593,0.021527783,0.020916661,0.021843447,0.021791657,0.020820715,0.020989602,0.020959582,0.020947928,0.021527783,0.020916661,0.021843447,0.021791657,0.020820715,0.020989602,0.020959582,0.020947928,0.021527783,0.020916661,0.021843447,0.021791657,0.020820715,0.020989602,0.020959582,0.020947928,0.021527783,0.020916661,0.021843447,0.021791657,0.020820715,0.020989602,0.020959582,0.020947928,0.021527783,0.020916661,0.021843447,0.021791657,0.020820715,0.020989602,0.020959582,0.020947928,0.021527783,0.020916661,0.021843447,0.021791657,0.020820715,0.020989602,0.020959582,0.020947928,0.021527783,0.020916661,0.021843447,0.021791657,0.020820715,0.020989602,0.020959582,0.020947928,0.021527783,0.020916661,0.021843447,0.021791657,0.020820715,0.020989602,0.020959582,0.020947928,0.021527783,0.020916661,0.021843447,0.021791657,0.020820715,0.020989602,0.020959582,0.020947928,0.022095954,0.020802071,0.021477269,0.021416669,0.020618661,0.020760422,0.020656592,0.020593728,0.021477269,0.021062518,0.020252514,0.020239577,0.00195836,0.002166679,0.002249976,0.002354135,0.021477269,0.021062518,0.020252514,0.020239577,0.00195836,0.002166679,0.002249976,0.002354135,0.024816652,0.023624996,0.002541641,0.000562469,0.021508336,0.021883329,0.002208352,0.002312561,0.021508336,0.021883329,0.002208352,0.002312561,0.021508336,0.021883329,0.002208352,0.002312561,0.021508336,0.021883329,0.002208352,0.002312561,0.020208339,0.020483335,0.020241658,0.020508329,0.020208339,0.020483335,0.020241658,0.020508329,0.020208339,0.020483335,0.020241658,0.020508329,0.020208339,0.020483335,0.020241658,0.020508329,0.02049168,0.021341662,0.020483335,0.020541668,0.02049168,0.021341662,0.020483335,0.020541668,0.02049168,0.021341662,0.020483335,0.020541668,0.02049168,0.021341662,0.020483335,0.020541668,0.02049168,0.021341662,0.020483335,0.020541668,0.02049168,0.021341662,0.020483335,0.020541668,0.02049168,0.021341662,0.020483335,0.020541668,0.02049168,0.021341662,0.020483335,0.020541668,0.02049168,0.021341662,0.020483335,0.020541668,0.020891666,0.021499991,0.020758331,0.020483335,0.021708349,0.020208339,0.002145817,0.002354185,0.021708349,0.020208339,0.002145817,0.002354185
M50LT_4-3_400cyc,0.025896292,0.02508978,0.023943336,0.02415359,0.002549887,0.002643367,0.000397364,0.00049303,0.023417762,0.023368274,0.023279738,0.023479213,0.002430677,0.002472202,0.002494454,0.002609293,0.023193221,0.022686124,0.023074824,0.022968426,0.002405792,0.002382497,0.002367,0.00251323,0.02293364,0.022650013,0.022925783,0.022280936,0.002374848,0.002290706,0.002367993,0.002441108,0.022402797,0.021815201,0.022363271,0.022265886,0.002288818,0.002262692,0.002347728,0.002335211,0.022354722,0.022362346,0.022364626,0.021989793,0.02196386,0.021757012,0.022780865,0.022037824,0.021857475,0.021048362,0.022003476,0.021754801,0.021683176,0.021364292,0.02240361,0.022138332,0.021820267,0.020930866,0.021848233,0.021473964,0.021453127,0.02133732,0.022061395,0.021930039,0.021311611,0.020908241,0.021403576,0.021423002,0.020884263,0.021196703,0.021507373,0.021743104,0.021605389,0.020889565,0.021216936,0.021345541,0.020857261,0.021161909,0.021381932,0.021654119,0.021342677,0.020593355,0.021467155,0.021061674,0.021248363,0.020681371,0.021118859,0.021228145,0.021010457,0.020735959,0.021154592,0.021222929,0.020640697,0.020987242,0.021172353,0.021395311,0.021216755,0.020916512,0.021362004,0.021387562,0.020846935,0.020482466,0.021299569,0.021121676,0.021637479,0.020732731,0.021745852,0.021230107,0.020735523,0.020972739,0.02116877,0.021358306,0.021415437,0.020882115,0.021504091,0.021536946,0.020980203,0.021204551,0.021350685,0.021551599,0.021977196,0.02098389,0.021563576,0.021546483,0.02087731,0.021129747,0.021334339,0.021449501,0.021557615,0.02098307,0.021753678,0.021671702,0.021054046,0.02119869,0.021379614,0.021456629,0.021625107,0.021232491,0.021673333,0.021875004,0.021120334,0.021566078,0.021339246,0.021448657,0.021514748,0.021082163,0.021356766,0.021407083,0.020796843,0.021181802,0.020949648,0.021066815,0.020511704,0.021202837,0.020321451,0.020474121,0.002065599,0.00213176,0.002260407,0.002267112,0.021470285,0.020985777,0.020062141,0.020342097,0.002036939,0.002156893,0.002231052,0.002331138,0.024886211,0.023950855,0.004351834,0.000550449,0.023953756,0.023389558,0.002335707,0.002536575,0.023561895,0.02239114,0.002318025,0.00246346,0.021872322,0.022303045,0.002305756,0.002432068,0.022266328,0.02237161,0.002322545,0.002407432,0.021824936,0.022173087,0.022173345,0.016498367,0.021569808,0.021951874,0.021212439,0.019926747,0.021420737,0.02124991,0.02100424,0.021579266,0.021178126,0.021121482,0.020901203,0.021448414,0.021153629,0.021009823,0.020787219,0.021308442,0.020792425,0.021107852,0.020961662,0.021439771,0.020995637,0.020917495,0.020645638,0.021070123,0.020774961,0.021138767,0.020920078,0.021256387,0.020990531,0.021480958,0.020694733,0.021060328,0.020880699,0.021288633,0.021019717,0.021282812,0.02114743,0.021653513,0.02080218,0.021097481,0.021523019,0.021803757,0.020744026,0.021065136,0.020747006,0.02128907,0.020898143,0.020931741,0.020597875,0.020942549,0.020595709,0.020615379,0.021355728,0.020991266,0.00221769,0.002320707,0.02194949,0.020548244,0.002184113,0.002350112
M50LT_4-3_500cyc,0.02511228,0.024300665,0.024251053,0.023958931,0.002670983,0.002600054,0.000413855,0.000442962,0.024566115,0.0235302,0.024035784,0.023449312,0.002440761,0.00248154,0.002516508,0.002534688,0.024099964,0.023425594,0.022992913,0.02341869,0.002354532,0.002316137,0.002480646,0.002488097,0.023653682,0.022875319,0.023372336,0.02319475,0.002308389,0.002441158,0.002431472,0.002449453,0.023206226,0.022174443,0.02298325,0.022606129,0.00236402,0.002303272,0.002453228,0.002483726,0.022891977,0.022498965,0.02273288,0.022901495,0.022208269,0.022868514,0.023268901,0.02054135,0.022763917,0.022561401,0.022620505,0.022131453,0.022199118,0.021790266,0.023112333,0.022675122,0.022265225,0.0218455,0.022203091,0.022222623,0.021834927,0.022193839,0.02264832,0.022957027,0.022553675,0.021323437,0.022417638,0.02177909,0.021410049,0.021547725,0.02215604,0.022425403,0.022393224,0.021331633,0.022318478,0.021692837,0.021964522,0.021447837,0.022031442,0.022181844,0.021775654,0.021592677,0.02180946,0.022073189,0.021487866,0.022020042,0.022118832,0.021856278,0.022337172,0.021270861,0.022282986,0.021775017,0.021133308,0.021522641,0.021922558,0.022216042,0.0219144,0.021694824,0.022030057,0.021582221,0.021614511,0.021265422,0.022323294,0.021863853,0.022167991,0.021721398,0.022104232,0.022137016,0.021631308,0.021153564,0.022234881,0.021869217,0.022501687,0.021445875,0.022472968,0.021879797,0.021198211,0.021612272,0.021916267,0.022143051,0.021954107,0.021509901,0.022074189,0.022125443,0.021549186,0.021808818,0.022023194,0.02171879,0.022155889,0.021542882,0.021993723,0.022066931,0.021596629,0.021786218,0.02197536,0.021590342,0.022143396,0.02200221,0.021972108,0.021354854,0.021573931,0.021208525,0.021858739,0.021505107,0.021793806,0.020735363,0.021589073,0.020991241,0.02124451,0.02092282,0.021469443,0.021099622,0.020577179,0.020583297,0.020544216,0.02083689,0.002080003,0.002127389,0.00226448,0.002340575,0.021864609,0.021889235,0.020393518,0.020677373,0.002007584,0.002177705,0.002310624,0.002307345,0.026082655,0.023754358,0.002620518,0.000529885,0.023565988,0.023034235,0.002469122,0.002680421,0.02338018,0.023172855,0.002433707,0.002567669,0.023026168,0.022852282,0.0024046,0.002497832,0.022359252,0.022536,0.002354085,0.002541045,0.021913807,0.022309701,0.022409717,0.01505669,0.022069136,0.022144576,0.022302051,0.018578291,0.021605452,0.021754762,0.021814108,0.021526138,0.021803339,0.02202481,0.021544973,0.022096137,0.021573226,0.02187109,0.022113264,0.021872461,0.021178742,0.021523197,0.021381319,0.022019347,0.021595101,0.021904051,0.021128476,0.021810432,0.021070262,0.021553973,0.021478872,0.021929582,0.021410406,0.02166599,0.021593948,0.022047083,0.021739582,0.021989862,0.021269202,0.02172331,0.021209518,0.021594505,0.021476686,0.021808763,0.021182835,0.021520237,0.021299481,0.021675845,0.021209399,0.021529496,0.021359285,0.021548311,0.020990272,0.021165848,0.021033009,0.021168967,0.021281521,0.021130959,0.002207607,0.002316336,0.021954974,0.020933986,0.00221764,0.002280126
M50LT_4-3_600cyc,0.025624398,0.02662917,0.000260665,0.025075028,0.002793272,0.002778471,0.00039657,0.000461936,0.025129348,0.024258047,0.0244016,0.023835202,0.002651115,0.002563,0.002578497,0.002589325,0.02466374,0.023623705,0.024069801,0.023572321,0.002413193,0.002494454,0.002477864,4.97E-07,0.023688481,0.023842355,0.000130016,0.023622115,0.002449751,0.002345542,0.002503246,0.002510349,0.023855314,0.023993775,0.0233357,0.02357242,0.002446522,0.002499819,0.002527585,0.002517203,0.023789779,0.023405602,0.023269473,0.023264165,0.023156495,0.023791889,0.02385426,0.01814127,0.023963114,0.022571137,0.022830084,0.022839208,0.022519598,0.022956853,0.02344913,0.022513941,0.023648444,0.022336096,0.022613761,0.022654583,0.022337262,0.022828902,0.023165887,0.023543313,0.023449671,0.021976804,0.022973828,0.022337213,0.022865425,0.022290523,0.022751063,0.023139194,0.023297228,0.021876718,0.022878761,0.022243783,0.02283484,0.022166992,0.022630258,0.022971854,0.023132141,0.021773279,0.022840831,0.022125468,0.022757505,0.022102048,0.022554518,0.022796616,0.023126,0.021859457,0.012349962,0.022180155,0.021868432,0.022197068,0.022536546,0.02282463,0.023238587,0.021971092,0.022340965,0.022355119,0.021983698,0.022288983,0.022665991,0.022926678,0.023324983,0.0220753,0.022366222,0.022354225,0.021918253,0.022484586,0.022646544,0.022883192,0.022766145,0.022387654,0.022581882,0.011230384,0.022400419,0.022552038,0.022819217,0.022353232,0.02293379,0.021817833,0.022772797,0.022074158,0.022425977,0.021966596,0.011358147,0.022489652,0.023051675,0.021850367,0.012134783,0.022116154,0.021805065,0.022174766,0.022220341,0.022446389,0.02294544,0.021695321,0.016708898,0.02191104,0.021507403,0.021895245,0.021933215,0.022182142,0.02258122,0.021298255,0.021623752,0.021414384,0.021229639,0.021717226,0.021510564,0.02173312,0.02168134,0.021761482,0.020895131,0.021681339,0.002078166,0.002249281,0.002302229,0.002292643,0.022583688,0.021914269,0.020850277,0.021437009,0.002148102,0.002271235,0.002334217,0.002339135,0.026737948,0.024109642,0.002817015,0.000467201,0.024131,0.000165482,0.002558629,0.00263075,0.023716907,0.000150522,0.002482086,0.002550781,0.023626963,0.02330784,0.002520283,0.00255992,0.023645838,0.023310602,0.002479106,0.002532353,0.023483495,0.01161321,0.022773763,0.013196866,0.023062269,0.022800008,0.023437897,0.016433557,0.022820711,0.022612691,0.023170352,0.019583126,0.022515396,0.022424181,0.022868752,0.011340698,0.022392054,0.022343953,0.022725523,0.023114959,0.022325416,0.022240082,0.022643685,0.012298822,0.02229164,0.022279859,0.022512813,0.011395435,0.022378862,0.012313048,0.021835446,0.022442261,0.022370835,0.021891952,0.021874468,0.022475342,0.021829704,0.022018433,0.022013307,0.022552749,0.022107542,0.022287051,0.022447507,0.022609532,0.022239526,0.022240222,0.022318999,0.011502504,0.022001783,0.010903517,0.022116701,0.02175345,0.021776676,0.021762013,0.02184552,0.012102306,0.021847347,0.021854142,0.002297709,0.002361933,0.022185822,0.021824141,0.002331138,0.002369682
M50LT_4-3_initial,0.018611099,0.018687497,0.018346009,0.018312509,0.001854102,0.001895825,0.000333289,0.00045826,0.016641436,0.016749998,0.016641406,0.016708324,0.001666745,0.001687507,0.001666745,0.001687507,0.016641436,0.016749998,0.016641406,0.016708324,0.001666745,0.001687507,0.001666745,0.001687507,0.016641436,0.016749998,0.016641406,0.016708324,0.001666745,0.001687507,0.001666745,0.001687507,0.016641436,0.016749998,0.016641406,0.016708324,0.001666745,0.001687507,0.001666745,0.001687507,0.016186876,0.016114588,0.016123719,0.016166667,0.016136362,0.016114563,0.016111105,0.016156261,0.016186876,0.016114588,0.016123719,0.016166667,0.016136362,0.016114563,0.016111105,0.016156261,0.016186876,0.016114588,0.016123719,0.016166667,0.016136362,0.016114563,0.016111105,0.016156261,0.016186876,0.016114588,0.016123719,0.016166667,0.016136362,0.016114563,0.016111105,0.016156261,0.016818203,0.016708349,0.017007553,0.016979153,0.01669192,0.016718755,0.016590893,0.016541655,0.016818203,0.016708349,0.017007553,0.016979153,0.01669192,0.016718755,0.016590893,0.016541655,0.016818203,0.016708349,0.017007553,0.016979153,0.01669192,0.016718755,0.016590893,0.016541655,0.016818203,0.016708349,0.017007553,0.016979153,0.01669192,0.016718755,0.016590893,0.016541655,0.016818203,0.016708349,0.017007553,0.016979153,0.01669192,0.016718755,0.016590893,0.016541655,0.016818203,0.016708349,0.017007553,0.016979153,0.01669192,0.016718755,0.016590893,0.016541655,0.016818203,0.016708349,0.017007553,0.016979153,0.01669192,0.016718755,0.016590893,0.016541655,0.016818203,0.016708349,0.017007553,0.016979153,0.01669192,0.016718755,0.016590893,0.016541655,0.016818203,0.016708349,0.017007553,0.016979153,0.01669192,0.016718755,0.016590893,0.016541655,0.017651524,0.017468731,0.018068185,0.017989576,0.017386374,0.017385408,0.01699497,0.016968747,0.020088391,0.020197928,0.018787896,0.018583337,0.001958311,0.002020846,0.002104193,0.00218749,0.020088391,0.020197928,0.018787896,0.018583337,0.001958311,0.002020846,0.002104193,0.00218749,0.018625021,0.018158336,0.001874963,0.000541608,0.016766647,0.016791662,0.001708269,0.001708269,0.016766647,0.016791662,0.001708269,0.001708269,0.016766647,0.016791662,0.001708269,0.001708269,0.016766647,0.016791662,0.001708269,0.001708269,0.016125003,0.016174992,0.016108314,0.016141673,0.016125003,0.016174992,0.016108314,0.016141673,0.016125003,0.016174992,0.016108314,0.016141673,0.016125003,0.016174992,0.016108314,0.016141673,0.016766667,0.017016669,0.016741673,0.016533315,0.016766667,0.017016669,0.016741673,0.016533315,0.016766667,0.017016669,0.016741673,0.016533315,0.016766667,0.017016669,0.016741673,0.016533315,0.016766667,0.017016669,0.016741673,0.016533315,0.016766667,0.017016669,0.016741673,0.016533315,0.016766667,0.017016669,0.016741673,0.016533315,0.016766667,0.017016669,0.016741673,0.016533315,0.016766667,0.017016669,0.016741673,0.016533315,0.017400006,0.018183331,0.01728334,0.016883334,0.020325005,0.01850001,0.002083331,0.002208302,0.020325005,0.01850001,0.002083331,0.002208302
